Hướng,Đường trước nhà(m),Loại BDS,Pháp lý,Số lầu,Số phòng ngủ,Giá(Tỷ),Diện tích(m2),Tỉnh/ Thành phố,Quận/ Huyện,Mật độ dân số (người/km²),GRDP(%)
Tây,8.0,2,1,4,4,6.88,76.0,7,Bình Tân,15.109,5.81
Tây Nam,7.0,2,1,4,14,10.4,91.0,7,Tân Bình,21.196,5.81
Tây,16.0,1,1,1,2,10.3,70.0,7,Tân Phú,30.146,5.81
Nam,16.0,1,1,2,3,20.5,108.0,7,Quận 7,10.088,5.81
Bắc,12.0,0,0,3,5,36.0,200.0,7,Quận 7,10.088,5.81
Tây,20.0,1,1,4,4,20.5,133.0,7,Quận 7,10.088,5.81
Đông,6.0,2,1,4,4,5.7,57.0,7,Bình Tân,15.109,5.81
Đông,6.0,2,1,3,3,4.1,44.0,7,Bình Tân,15.109,5.81
Bắc,6.0,2,1,4,4,4.68,48.0,7,Bình Tân,15.109,5.81
Đông Nam,20.0,1,1,4,4,10.5,90.0,7,Bình Tân,15.109,5.81
Đông Nam,4.0,2,1,4,4,5.9,41.0,7,Gò Vấp,34.36,5.81
Đông Nam,20.0,1,1,4,3,54.0,100.0,7,Quận 3,38.852,5.81
Đông Nam,20.0,1,1,4,3,54.0,100.0,7,Quận 3,38.852,5.81
Đông,8.0,2,1,1,2,0.7,159.0,7,Hóc Môn,4.966,5.81
Đông Nam,5.0,2,1,2,4,2.45,51.0,7,Phú Nhuận,33.461,5.81
Đông Nam,20.0,1,1,4,3,54.0,100.0,7,Quận 3,38.852,5.81
Đông Nam,20.0,1,1,4,3,54.0,100.0,7,Quận 3,38.852,5.81
Đông,8.0,2,1,1,2,0.7,159.0,7,Hóc Môn,4.966,5.81
Đông Nam,5.0,2,1,2,4,2.45,51.0,7,Phú Nhuận,33.461,5.81
Đông Bắc,6.0,1,1,1,2,2.8,60.0,7,Gò Vấp,34.36,5.81
Đông Nam,30.0,1,1,6,6,35.0,99.0,7,Quận 10,41.196,5.81
Tây Bắc,30.0,1,1,11,11,180.0,324.0,7,Quận 3,38.852,5.81
Đông Nam,20.0,1,1,4,3,54.0,100.0,7,Quận 3,38.852,5.81
Đông Nam,20.0,1,1,4,3,54.0,100.0,7,Quận 3,38.852,5.81
Đông,8.0,2,1,1,2,0.7,159.0,7,Hóc Môn,4.966,5.81
Đông Nam,5.0,2,1,2,4,2.45,51.0,7,Phú Nhuận,33.461,5.81
Đông Nam,20.0,1,1,4,3,54.0,100.0,7,Quận 3,38.852,5.81
Đông Nam,20.0,1,1,4,3,54.0,100.0,7,Quận 3,38.852,5.81
Đông,8.0,2,1,1,2,0.7,159.0,7,Hóc Môn,4.966,5.81
Đông Nam,5.0,2,1,2,4,2.45,51.0,7,Phú Nhuận,33.461,5.81
Đông Bắc,6.0,1,1,1,2,2.8,60.0,7,Gò Vấp,34.36,5.81
Đông Nam,30.0,1,1,6,6,35.0,99.0,7,Quận 10,41.196,5.81
Tây Bắc,30.0,1,1,11,11,180.0,324.0,7,Quận 3,38.852,5.81
Đông Bắc,3.0,1,1,3,3,1.5,79.0,7,Nhà Bè,2.06,5.81
Đông Nam,20.0,1,1,4,3,54.0,100.0,7,Quận 3,38.852,5.81
Đông Nam,20.0,1,1,4,3,54.0,100.0,7,Quận 3,38.852,5.81
Đông,8.0,2,1,1,2,0.7,159.0,7,Hóc Môn,4.966,5.81
Đông Nam,5.0,2,1,2,4,2.45,51.0,7,Phú Nhuận,33.461,5.81
Đông Nam,20.0,1,1,4,3,54.0,100.0,7,Quận 3,38.852,5.81
Đông Nam,20.0,1,1,4,3,54.0,100.0,7,Quận 3,38.852,5.81
Đông,8.0,2,1,1,2,0.7,159.0,7,Hóc Môn,4.966,5.81
Đông Nam,5.0,2,1,2,4,2.45,51.0,7,Phú Nhuận,33.461,5.81
Đông Bắc,6.0,1,1,1,2,2.8,60.0,7,Gò Vấp,34.36,5.81
Đông Nam,30.0,1,1,6,6,35.0,99.0,7,Quận 10,41.196,5.81
Tây Bắc,30.0,1,1,11,11,180.0,324.0,7,Quận 3,38.852,5.81
Đông Nam,20.0,1,1,4,3,54.0,100.0,7,Quận 3,38.852,5.81
Đông Nam,20.0,1,1,4,3,54.0,100.0,7,Quận 3,38.852,5.81
Đông,8.0,2,1,1,2,0.7,159.0,7,Hóc Môn,4.966,5.81
Đông Nam,5.0,2,1,2,4,2.45,51.0,7,Phú Nhuận,33.461,5.81
Đông Nam,20.0,1,1,4,3,54.0,100.0,7,Quận 3,38.852,5.81
Đông Nam,20.0,1,1,4,3,54.0,100.0,7,Quận 3,38.852,5.81
Đông,8.0,2,1,1,2,0.7,159.0,7,Hóc Môn,4.966,5.81
Đông Nam,5.0,2,1,2,4,2.45,51.0,7,Phú Nhuận,33.461,5.81
Đông Bắc,6.0,1,1,1,2,2.8,60.0,7,Gò Vấp,34.36,5.81
Đông Nam,30.0,1,1,6,6,35.0,99.0,7,Quận 10,41.196,5.81
Tây Bắc,30.0,1,1,11,11,180.0,324.0,7,Quận 3,38.852,5.81
Đông Bắc,3.0,1,1,3,3,1.5,79.0,7,Nhà Bè,2.06,5.81
Đông Nam,20.0,1,1,4,3,54.0,100.0,7,Quận 3,38.852,5.81
Đông Nam,20.0,1,1,4,3,54.0,100.0,7,Quận 3,38.852,5.81
Đông,8.0,2,1,1,2,0.7,159.0,7,Hóc Môn,4.966,5.81
Đông Nam,5.0,2,1,2,4,2.45,51.0,7,Phú Nhuận,33.461,5.81
Đông Nam,20.0,1,1,4,3,54.0,100.0,7,Quận 3,38.852,5.81
Đông Nam,20.0,1,1,4,3,54.0,100.0,7,Quận 3,38.852,5.81
Đông,8.0,2,1,1,2,0.7,159.0,7,Hóc Môn,4.966,5.81
Đông Nam,5.0,2,1,2,4,2.45,51.0,7,Phú Nhuận,33.461,5.81
Đông Bắc,6.0,1,1,1,2,2.8,60.0,7,Gò Vấp,34.36,5.81
Đông Nam,30.0,1,1,6,6,35.0,99.0,7,Quận 10,41.196,5.81
Tây Bắc,30.0,1,1,11,11,180.0,324.0,7,Quận 3,38.852,5.81
Đông Nam,20.0,1,1,4,3,54.0,100.0,7,Quận 3,38.852,5.81
Đông Nam,20.0,1,1,4,3,54.0,100.0,7,Quận 3,38.852,5.81
Đông,8.0,2,1,1,2,0.7,159.0,7,Hóc Môn,4.966,5.81
Đông Nam,5.0,2,1,2,4,2.45,51.0,7,Phú Nhuận,33.461,5.81
Đông Nam,20.0,1,1,4,3,54.0,100.0,7,Quận 3,38.852,5.81
Đông Nam,20.0,1,1,4,3,54.0,100.0,7,Quận 3,38.852,5.81
Đông,8.0,2,1,1,2,0.7,159.0,7,Hóc Môn,4.966,5.81
Đông Nam,5.0,2,1,2,4,2.45,51.0,7,Phú Nhuận,33.461,5.81
Đông Bắc,6.0,1,1,1,2,2.8,60.0,7,Gò Vấp,34.36,5.81
Đông Nam,30.0,1,1,6,6,35.0,99.0,7,Quận 10,41.196,5.81
Tây Bắc,30.0,1,1,11,11,180.0,324.0,7,Quận 3,38.852,5.81
Đông Bắc,3.0,1,1,3,3,1.5,79.0,7,Nhà Bè,2.06,5.81
Đông Nam,20.0,1,1,4,3,54.0,100.0,7,Quận 3,38.852,5.81
Đông Nam,20.0,1,1,4,3,54.0,100.0,7,Quận 3,38.852,5.81
Đông,8.0,2,1,1,2,0.7,159.0,7,Hóc Môn,4.966,5.81
Đông Nam,5.0,2,1,2,4,2.45,51.0,7,Phú Nhuận,33.461,5.81
Đông Nam,20.0,1,1,4,3,54.0,100.0,7,Quận 3,38.852,5.81
Đông Nam,20.0,1,1,4,3,54.0,100.0,7,Quận 3,38.852,5.81
Đông,8.0,2,1,1,2,0.7,159.0,7,Hóc Môn,4.966,5.81
Đông Nam,5.0,2,1,2,4,2.45,51.0,7,Phú Nhuận,33.461,5.81
Đông Bắc,6.0,1,1,1,2,2.8,60.0,7,Gò Vấp,34.36,5.81
Đông Nam,30.0,1,1,6,6,35.0,99.0,7,Quận 10,41.196,5.81
Tây Bắc,30.0,1,1,11,11,180.0,324.0,7,Quận 3,38.852,5.81
Đông Nam,20.0,1,1,4,3,54.0,100.0,7,Quận 3,38.852,5.81
Đông Nam,20.0,1,1,4,3,54.0,100.0,7,Quận 3,38.852,5.81
Đông,8.0,2,1,1,2,0.7,159.0,7,Hóc Môn,4.966,5.81
Đông Nam,5.0,2,1,2,4,2.45,51.0,7,Phú Nhuận,33.461,5.81
Đông Nam,20.0,1,1,4,3,54.0,100.0,7,Quận 3,38.852,5.81
Đông Nam,20.0,1,1,4,3,54.0,100.0,7,Quận 3,38.852,5.81
Đông,8.0,2,1,1,2,0.7,159.0,7,Hóc Môn,4.966,5.81
Đông Nam,5.0,2,1,2,4,2.45,51.0,7,Phú Nhuận,33.461,5.81
Đông Bắc,6.0,1,1,1,2,2.8,60.0,7,Gò Vấp,34.36,5.81
Đông Nam,30.0,1,1,6,6,35.0,99.0,7,Quận 10,41.196,5.81
Tây Bắc,30.0,1,1,11,11,180.0,324.0,7,Quận 3,38.852,5.81
Đông Bắc,3.0,1,1,3,3,1.5,79.0,7,Nhà Bè,2.06,5.81
Đông Nam,8.0,1,1,1,2,0.49,117.0,7,Củ Chi,1.063,5.81
Đông Nam,8.0,1,1,1,2,0.49,117.0,7,Củ Chi,1.063,5.81
Đông Nam,8.0,1,1,1,2,0.49,117.0,7,Củ Chi,1.063,5.81
Đông Nam,8.0,1,1,1,2,0.49,117.0,7,Củ Chi,1.063,5.81
Đông Nam,8.0,1,1,1,2,0.49,117.0,7,Củ Chi,1.063,5.81
Đông Nam,8.0,1,1,1,2,0.49,117.0,7,Củ Chi,1.063,5.81
Đông Nam,8.0,1,1,1,2,0.49,117.0,7,Củ Chi,1.063,5.81
Đông Nam,8.0,1,1,1,2,0.49,117.0,7,Củ Chi,1.063,5.81
Tây Nam,10.0,1,1,3,4,9.8,70.0,7,Thủ Đức,4.791,5.81
Đông Nam,8.0,1,1,1,2,0.49,117.0,7,Củ Chi,1.063,5.81
Đông Nam,8.0,1,1,1,2,0.49,117.0,7,Củ Chi,1.063,5.81
Đông Nam,8.0,1,1,1,2,0.49,117.0,7,Củ Chi,1.063,5.81
Đông Nam,8.0,1,1,1,2,0.49,117.0,7,Củ Chi,1.063,5.81
Đông Nam,8.0,1,1,1,2,0.49,117.0,7,Củ Chi,1.063,5.81
Đông Nam,8.0,1,1,1,2,0.49,117.0,7,Củ Chi,1.063,5.81
Đông Nam,8.0,1,1,1,2,0.49,117.0,7,Củ Chi,1.063,5.81
Đông Nam,8.0,1,1,1,2,0.49,117.0,7,Củ Chi,1.063,5.81
Tây Nam,10.0,1,1,3,4,9.8,70.0,7,Thủ Đức,4.791,5.81
Đông Nam,10.0,0,1,3,4,12.5,108.0,7,Thủ Đức,4.791,5.81
Bắc,12.0,0,0,3,5,36.0,200.0,7,Quận 7,10.088,5.81
Nam,16.0,1,1,2,3,20.5,108.0,7,Quận 7,10.088,5.81
Tây Nam,14.0,1,1,1,2,19.5,117.0,7,Quận 7,10.088,5.81
Tây,20.0,1,1,4,4,20.5,133.0,7,Quận 7,10.088,5.81
Đông Nam,30.0,1,1,5,5,21.0,392.0,7,Quận 7,10.088,5.81
Đông Nam,30.0,1,1,1,2,55.0,375.0,7,Quận 7,10.088,5.81
Đông,20.0,1,1,4,5,20.0,80.0,7,Tân Bình,21.196,5.81
Đông,8.0,1,1,5,4,8.4,55.0,7,Bình Thạnh,23.998,5.81
Đông,6.0,2,1,4,7,7.1,40.0,7,Bình Thạnh,23.998,5.81
Nam,6.0,2,1,3,4,5.7,61.0,7,Bình Thạnh,23.998,5.81
Đông Nam,6.0,2,0,2,4,9.5,59.0,7,Phú Nhuận,33.461,5.81
Tây,10.0,1,1,2,4,15.3,80.0,7,Bình Thạnh,23.998,5.81
Bắc,4.0,2,1,3,3,6.5,36.0,7,Bình Thạnh,23.998,5.81
Tây,6.0,1,1,6,9,11.5,71.0,7,Tân Phú,30.146,5.81
Đông Bắc,6.0,0,1,2,9,46.0,1.146,7,Thủ Đức,4.791,5.81
Tây Bắc,10.0,1,0,5,8,32.0,161.0,7,Bình Thạnh,23.998,5.81
Đông,12.0,1,1,3,3,25.0,108.0,7,Thủ Đức,4.791,5.81
Đông Bắc,6.0,1,1,2,3,6.5,60.0,7,Thủ Đức,4.791,5.81
Đông Nam,20.0,1,0,5,28,60.0,420.0,7,Thủ Đức,4.791,5.81
Đông Nam,20.0,1,0,2,2,95.0,322.0,7,Quận 3,38.852,5.81
Đông Bắc,22.0,1,1,9,9,190.0,234.0,7,Quận 3,38.852,5.81
Đông Nam,22.0,1,0,2,2,37.0,72.0,7,Quận 1,18.523,5.81
Đông Nam,30.0,1,1,3,3,26.0,115.0,7,Quận 10,41.196,5.81
Đông Nam,30.0,1,1,2,2,65.0,220.0,7,Quận 3,38.852,5.81
Đông Nam,30.0,1,1,6,2,85.0,210.0,7,Quận 1,18.523,5.81
Đông,6.0,2,1,2,2,5.3,72.0,7,Gò Vấp,34.36,5.81
Tây,16.0,1,1,2,2,32.0,90.0,7,Bình Thạnh,23.998,5.81
Bắc,15.0,1,1,4,4,23.0,72.0,7,Tân Bình,21.196,5.81
Bắc,15.0,1,1,3,3,18.9,71.0,7,Tân Bình,21.196,5.81
Đông Bắc,3.0,2,1,4,4,7.9,47.0,7,Phú Nhuận,33.461,5.81
Đông,12.0,1,1,4,5,14.5,120.0,7,Thủ Đức,4.791,5.81
Đông Nam,10.0,0,1,3,4,12.5,108.0,7,Thủ Đức,4.791,5.81
Đông Bắc,6.0,0,1,2,9,46.0,1.146,7,Thủ Đức,4.791,5.81
Đông Nam,8.0,1,1,6,19,23.0,100.0,7,Phú Nhuận,33.461,5.81
Đông,6.0,2,1,2,2,5.3,72.0,7,Gò Vấp,34.36,5.81
Tây Nam,20.0,1,1,2,3,19.8,120.0,7,Thủ Đức,4.791,5.81
Đông Nam,20.0,1,1,2,3,14.3,155.0,7,Thủ Đức,4.791,5.81
Bắc,6.0,1,1,2,4,6.4,220.0,7,Nhà Bè,2.06,5.81
Nam,8.0,2,1,1,2,5.2,63.0,7,Thủ Đức,4.791,5.81
Tây,16.0,1,1,2,2,32.0,90.0,7,Bình Thạnh,23.998,5.81
Bắc,15.0,1,1,4,4,23.0,72.0,7,Tân Bình,21.196,5.81
Bắc,15.0,1,1,3,3,18.9,71.0,7,Tân Bình,21.196,5.81
Đông Bắc,3.0,2,1,4,4,7.9,47.0,7,Phú Nhuận,33.461,5.81
Tây Bắc,30.0,1,1,6,9,31.0,100.0,7,Quận 10,41.196,5.81
Đông Nam,12.0,1,0,2,5,5.3,108.0,7,Hóc Môn,4.966,5.81
Đông Nam,12.0,1,1,4,4,21.0,119.0,7,Thủ Đức,4.791,5.81
Đông Nam,12.0,1,1,1,4,95.0,500.0,7,Thủ Đức,4.791,5.81
Đông Nam,12.0,0,1,3,5,35.0,240.0,7,Thủ Đức,4.791,5.81
Nam,12.0,1,1,1,3,13.5,105.0,7,Quận 7,10.088,5.81
Bắc,8.0,2,1,3,16,12.5,124.0,7,Gò Vấp,34.36,5.81
Tây,4.0,2,1,1,2,6.7,114.0,7,Thủ Đức,4.791,5.81
Nam,12.0,1,1,4,5,23.8,100.0,7,Quận 7,10.088,5.81
Nam,16.0,1,1,2,3,20.5,108.0,7,Quận 7,10.088,5.81
Nam,12.0,1,1,3,4,8.88,80.0,7,Quận 12,11.745,5.81
Đông Nam,8.0,1,1,6,19,23.0,100.0,7,Phú Nhuận,33.461,5.81
Đông,6.0,2,1,2,2,5.3,72.0,7,Gò Vấp,34.36,5.81
Tây Nam,20.0,1,1,2,3,19.8,120.0,7,Thủ Đức,4.791,5.81
Đông Nam,16.0,1,1,2,3,24.0,131.0,7,Quận 7,10.088,5.81
Tây Bắc,8.0,1,1,4,5,6.2,268.0,7,Nhà Bè,2.06,5.81
Tây Nam,6.0,1,0,2,2,2.55,85.0,7,Quận 12,11.745,5.81
Đông Nam,8.0,1,1,1,2,4.9,120.0,7,Hóc Môn,4.966,5.81
Nam,8.0,1,1,2,6,11.5,130.0,7,Tân Bình,21.196,5.81
Tây Bắc,30.0,1,1,6,9,31.0,100.0,7,Quận 10,41.196,5.81
Nam,8.0,1,1,2,6,11.5,130.0,7,Tân Bình,21.196,5.81
Tây Bắc,30.0,1,1,6,9,31.0,100.0,7,Quận 10,41.196,5.81
Đông Nam,12.0,2,1,5,5,12.5,61.0,7,Bình Thạnh,23.998,5.81
Đông,8.0,2,1,2,2,13.5,82.0,7,Bình Thạnh,23.998,5.81
Đông Nam,12.0,1,0,2,5,5.3,108.0,7,Hóc Môn,4.966,5.81
Nam,12.0,1,1,1,3,13.5,105.0,7,Quận 7,10.088,5.81
Đông,6.0,2,1,3,3,4.1,44.0,7,Bình Tân,15.109,5.81
Bắc,6.0,2,1,4,4,4.68,48.0,7,Bình Tân,15.109,5.81
Bắc,8.0,2,1,3,16,12.5,124.0,7,Gò Vấp,34.36,5.81
Tây,4.0,2,1,1,2,6.7,114.0,7,Thủ Đức,4.791,5.81
Đông Nam,10.0,0,1,3,4,12.5,108.0,7,Thủ Đức,4.791,5.81
Bắc,12.0,0,0,3,5,36.0,200.0,7,Quận 7,10.088,5.81
Nam,16.0,1,1,2,3,20.5,108.0,7,Quận 7,10.088,5.81
Tây Nam,14.0,1,1,1,2,19.5,117.0,7,Quận 7,10.088,5.81
Tây,20.0,1,1,4,4,20.5,133.0,7,Quận 7,10.088,5.81
Đông Nam,30.0,1,1,5,5,21.0,392.0,7,Quận 7,10.088,5.81
Đông Nam,30.0,1,1,1,2,55.0,375.0,7,Quận 7,10.088,5.81
Đông Nam,4.0,2,1,1,2,4.2,55.0,7,Gò Vấp,34.36,5.81
Đông Nam,5.0,2,1,3,4,3.25,43.0,7,Gò Vấp,34.36,5.81
Đông Bắc,8.0,2,1,3,4,7.6,240.0,7,Tân Phú,30.146,5.81
Đông Nam,20.0,1,1,2,2,40.0,135.0,7,Quận 1,18.523,5.81
Nam,8.0,2,1,4,14,11.7,100.0,7,Bình Thạnh,23.998,5.81
Đông,8.0,1,1,3,3,6.5,56.0,7,Quận 6,32.439,5.81
Tây Nam,8.0,2,1,4,5,8.8,60.0,7,Gò Vấp,34.36,5.81
Đông,6.0,2,1,3,4,9.7,79.0,7,Quận 7,10.088,5.81
Tây,8.0,2,1,4,4,6.88,76.0,7,Bình Tân,15.109,5.81
Tây Nam,7.0,2,1,4,14,10.4,91.0,7,Tân Bình,21.196,5.81
Tây,16.0,1,1,1,2,10.3,70.0,7,Tân Phú,30.146,5.81
Đông Bắc,6.0,1,1,1,2,2.8,60.0,7,Gò Vấp,34.36,5.81
Tây Nam,30.0,1,1,9,9,79.0,150.0,7,Quận 1,18.523,5.81
Đông Nam,30.0,1,1,2,2,50.0,106.0,7,Quận 1,18.523,5.81
Đông Nam,6.0,2,1,4,7,13.0,112.0,7,Phú Nhuận,33.461,5.81
Đông Nam,8.0,1,1,2,4,3.35,50.0,7,Quận 8,22.118,5.81
Đông,10.0,1,0,1,2,8.1,82.0,7,Bình Tân,15.109,5.81
Đông Bắc,12.0,1,1,1,4,13.8,260.0,7,Quận 12,11.745,5.81
Đông Nam,7.0,1,1,3,4,6.8,55.0,7,Nhà Bè,2.06,5.81
Nam,12.0,1,1,1,3,6.8,96.0,7,Tân Phú,30.146,5.81
Nam,5.0,2,1,4,5,12.5,110.0,7,Tân Bình,21.196,5.81
Bắc,30.0,1,1,1,3,20.0,105.0,7,Quận 6,32.439,5.81
Nam,20.0,1,1,11,11,150.0,250.0,7,Quận 3,38.852,5.81
Đông Nam,30.0,1,1,4,4,88.0,200.0,7,Quận 1,18.523,5.81
Tây,8.0,1,1,4,5,8.2,72.0,7,Bình Tân,15.109,5.81
Tây Nam,20.0,1,1,3,4,11.0,62.0,7,Gò Vấp,34.36,5.81
Tây,8.0,1,1,4,5,8.2,72.0,7,Bình Tân,15.109,5.81
Tây Nam,20.0,1,1,3,4,11.0,62.0,7,Gò Vấp,34.36,5.81
Tây,8.0,1,1,4,5,8.2,72.0,7,Bình Tân,15.109,5.81
Tây Nam,20.0,1,1,3,4,11.0,62.0,7,Gò Vấp,34.36,5.81
Tây,8.0,1,1,4,5,8.2,72.0,7,Bình Tân,15.109,5.81
Tây Nam,20.0,1,1,3,4,11.0,62.0,7,Gò Vấp,34.36,5.81
Tây,8.0,1,1,4,5,8.2,72.0,7,Bình Tân,15.109,5.81
Tây Nam,20.0,1,1,3,4,11.0,62.0,7,Gò Vấp,34.36,5.81
Tây,8.0,1,1,4,5,8.2,72.0,7,Bình Tân,15.109,5.81
Tây Nam,20.0,1,1,3,4,11.0,62.0,7,Gò Vấp,34.36,5.81
Tây,8.0,1,1,4,5,8.2,72.0,7,Bình Tân,15.109,5.81
Tây Nam,20.0,1,1,3,4,11.0,62.0,7,Gò Vấp,34.36,5.81
Tây,8.0,1,1,4,5,8.2,72.0,7,Bình Tân,15.109,5.81
Tây Nam,20.0,1,1,3,4,11.0,62.0,7,Gò Vấp,34.36,5.81
Đông Nam,5.0,2,1,3,4,7.0,120.0,7,Gò Vấp,34.36,5.81
Tây,8.0,1,1,4,5,8.2,72.0,7,Bình Tân,15.109,5.81
Tây Nam,20.0,1,1,3,4,11.0,62.0,7,Gò Vấp,34.36,5.81
Tây,8.0,1,1,4,5,8.2,72.0,7,Bình Tân,15.109,5.81
Tây Nam,20.0,1,1,3,4,11.0,62.0,7,Gò Vấp,34.36,5.81
Tây,8.0,1,1,4,5,8.2,72.0,7,Bình Tân,15.109,5.81
Tây Nam,20.0,1,1,3,4,11.0,62.0,7,Gò Vấp,34.36,5.81
Tây,8.0,1,1,4,5,8.2,72.0,7,Bình Tân,15.109,5.81
Tây Nam,20.0,1,1,3,4,11.0,62.0,7,Gò Vấp,34.36,5.81
Tây,8.0,1,1,4,5,8.2,72.0,7,Bình Tân,15.109,5.81
Tây Nam,20.0,1,1,3,4,11.0,62.0,7,Gò Vấp,34.36,5.81
Tây,8.0,1,1,4,5,8.2,72.0,7,Bình Tân,15.109,5.81
Tây Nam,20.0,1,1,3,4,11.0,62.0,7,Gò Vấp,34.36,5.81
Tây,8.0,1,1,4,5,8.2,72.0,7,Bình Tân,15.109,5.81
Tây Nam,20.0,1,1,3,4,11.0,62.0,7,Gò Vấp,34.36,5.81
Tây,8.0,1,1,4,5,8.2,72.0,7,Bình Tân,15.109,5.81
Tây Nam,20.0,1,1,3,4,11.0,62.0,7,Gò Vấp,34.36,5.81
Đông Nam,5.0,2,1,3,4,7.0,120.0,7,Gò Vấp,34.36,5.81
Tây Nam,16.0,0,1,4,5,45.0,452.0,7,Thủ Đức,4.791,5.81
Đông Bắc,15.0,1,1,4,5,10.5,75.0,7,Gò Vấp,34.36,5.81
Bắc,10.0,1,1,3,4,4.94,110.0,7,Thủ Đức,4.791,5.81
Đông Nam,4.0,2,1,1,2,4.2,55.0,7,Gò Vấp,34.36,5.81
Đông Nam,5.0,2,1,3,4,3.25,43.0,7,Gò Vấp,34.36,5.81
Đông Bắc,8.0,2,1,3,4,7.6,240.0,7,Tân Phú,30.146,5.81
Tây Nam,8.0,1,1,3,4,7.9,80.0,7,Nhà Bè,2.06,5.81
Tây Nam,8.0,1,1,3,4,7.8,80.0,7,Quận 7,10.088,5.81
Đông Nam,14.0,1,1,3,4,13.5,90.0,7,Quận 7,10.088,5.81
Đông Bắc,7.0,1,1,3,4,8.9,90.0,7,Quận 7,10.088,5.81
Đông Nam,7.0,1,1,3,4,6.8,55.0,7,Nhà Bè,2.06,5.81
Tây Nam,8.0,1,1,3,4,7.9,80.0,7,Nhà Bè,2.06,5.81
Tây Nam,8.0,1,1,3,4,7.8,80.0,7,Quận 7,10.088,5.81
Đông Nam,14.0,1,1,3,4,13.5,90.0,7,Quận 7,10.088,5.81
Đông Bắc,7.0,1,1,3,4,8.9,90.0,7,Quận 7,10.088,5.81
Đông Nam,7.0,1,1,3,4,6.8,55.0,7,Nhà Bè,2.06,5.81
Tây Bắc,22.0,1,1,3,3,55.0,99.0,7,Quận 3,38.852,5.81
Tây,8.0,1,1,4,5,8.2,72.0,7,Bình Tân,15.109,5.81
Tây Nam,8.0,1,1,3,4,7.9,80.0,7,Nhà Bè,2.06,5.81
Tây Nam,8.0,1,1,3,4,7.8,80.0,7,Quận 7,10.088,5.81
Đông Nam,14.0,1,1,3,4,13.5,90.0,7,Quận 7,10.088,5.81
Đông Bắc,7.0,1,1,3,4,8.9,90.0,7,Quận 7,10.088,5.81
Đông Nam,7.0,1,1,3,4,6.8,55.0,7,Nhà Bè,2.06,5.81
Tây Nam,8.0,1,1,3,4,7.9,80.0,7,Nhà Bè,2.06,5.81
Tây Nam,8.0,1,1,3,4,7.8,80.0,7,Quận 7,10.088,5.81
Đông Nam,14.0,1,1,3,4,13.5,90.0,7,Quận 7,10.088,5.81
Đông Bắc,7.0,1,1,3,4,8.9,90.0,7,Quận 7,10.088,5.81
Đông Nam,7.0,1,1,3,4,6.8,55.0,7,Nhà Bè,2.06,5.81
Tây Bắc,22.0,1,1,3,3,55.0,99.0,7,Quận 3,38.852,5.81
Tây,8.0,1,1,4,5,8.2,72.0,7,Bình Tân,15.109,5.81
Tây Nam,20.0,1,1,3,4,11.0,62.0,7,Gò Vấp,34.36,5.81
Tây Nam,8.0,1,1,3,4,7.9,80.0,7,Nhà Bè,2.06,5.81
Tây Nam,8.0,1,1,3,4,7.8,80.0,7,Quận 7,10.088,5.81
Đông Nam,14.0,1,1,3,4,13.5,90.0,7,Quận 7,10.088,5.81
Đông Bắc,7.0,1,1,3,4,8.9,90.0,7,Quận 7,10.088,5.81
Đông Nam,7.0,1,1,3,4,6.8,55.0,7,Nhà Bè,2.06,5.81
Tây Nam,8.0,1,1,3,4,7.9,80.0,7,Nhà Bè,2.06,5.81
Tây Nam,8.0,1,1,3,4,7.8,80.0,7,Quận 7,10.088,5.81
Đông Nam,14.0,1,1,3,4,13.5,90.0,7,Quận 7,10.088,5.81
Đông Bắc,7.0,1,1,3,4,8.9,90.0,7,Quận 7,10.088,5.81
Đông Nam,7.0,1,1,3,4,6.8,55.0,7,Nhà Bè,2.06,5.81
Tây Bắc,22.0,1,1,3,3,55.0,99.0,7,Quận 3,38.852,5.81
Tây,8.0,1,1,4,5,8.2,72.0,7,Bình Tân,15.109,5.81
Tây Nam,8.0,1,1,3,4,7.9,80.0,7,Nhà Bè,2.06,5.81
Tây Nam,8.0,1,1,3,4,7.8,80.0,7,Quận 7,10.088,5.81
Đông Nam,14.0,1,1,3,4,13.5,90.0,7,Quận 7,10.088,5.81
Đông Bắc,7.0,1,1,3,4,8.9,90.0,7,Quận 7,10.088,5.81
Đông Nam,7.0,1,1,3,4,6.8,55.0,7,Nhà Bè,2.06,5.81
Tây Nam,8.0,1,1,3,4,7.9,80.0,7,Nhà Bè,2.06,5.81
Tây Nam,8.0,1,1,3,4,7.8,80.0,7,Quận 7,10.088,5.81
Đông Nam,14.0,1,1,3,4,13.5,90.0,7,Quận 7,10.088,5.81
Đông Bắc,7.0,1,1,3,4,8.9,90.0,7,Quận 7,10.088,5.81
Đông Nam,7.0,1,1,3,4,6.8,55.0,7,Nhà Bè,2.06,5.81
Tây Bắc,22.0,1,1,3,3,55.0,99.0,7,Quận 3,38.852,5.81
Tây,8.0,1,1,4,5,8.2,72.0,7,Bình Tân,15.109,5.81
Tây Nam,20.0,1,1,3,4,11.0,62.0,7,Gò Vấp,34.36,5.81
Tây Nam,8.0,1,1,3,4,7.9,80.0,7,Nhà Bè,2.06,5.81
Tây Nam,8.0,1,1,3,4,7.8,80.0,7,Quận 7,10.088,5.81
Đông Nam,14.0,1,1,3,4,13.5,90.0,7,Quận 7,10.088,5.81
Đông Bắc,7.0,1,1,3,4,8.9,90.0,7,Quận 7,10.088,5.81
Đông Nam,7.0,1,1,3,4,6.8,55.0,7,Nhà Bè,2.06,5.81
Tây Nam,8.0,1,1,3,4,7.9,80.0,7,Nhà Bè,2.06,5.81
Tây Nam,8.0,1,1,3,4,7.8,80.0,7,Quận 7,10.088,5.81
Đông Nam,14.0,1,1,3,4,13.5,90.0,7,Quận 7,10.088,5.81
Đông Bắc,7.0,1,1,3,4,8.9,90.0,7,Quận 7,10.088,5.81
Đông Nam,7.0,1,1,3,4,6.8,55.0,7,Nhà Bè,2.06,5.81
Tây Bắc,22.0,1,1,3,3,55.0,99.0,7,Quận 3,38.852,5.81
Tây,8.0,1,1,4,5,8.2,72.0,7,Bình Tân,15.109,5.81
Tây Nam,8.0,1,1,3,4,7.9,80.0,7,Nhà Bè,2.06,5.81
Tây Nam,8.0,1,1,3,4,7.8,80.0,7,Quận 7,10.088,5.81
Đông Nam,14.0,1,1,3,4,13.5,90.0,7,Quận 7,10.088,5.81
Đông Bắc,7.0,1,1,3,4,8.9,90.0,7,Quận 7,10.088,5.81
Đông Nam,7.0,1,1,3,4,6.8,55.0,7,Nhà Bè,2.06,5.81
Tây Nam,8.0,1,1,3,4,7.9,80.0,7,Nhà Bè,2.06,5.81
Tây Nam,8.0,1,1,3,4,7.8,80.0,7,Quận 7,10.088,5.81
Đông Nam,14.0,1,1,3,4,13.5,90.0,7,Quận 7,10.088,5.81
Đông Bắc,7.0,1,1,3,4,8.9,90.0,7,Quận 7,10.088,5.81
Đông Nam,7.0,1,1,3,4,6.8,55.0,7,Nhà Bè,2.06,5.81
Tây Bắc,22.0,1,1,3,3,55.0,99.0,7,Quận 3,38.852,5.81
Tây,8.0,1,1,4,5,8.2,72.0,7,Bình Tân,15.109,5.81
Tây Nam,20.0,1,1,3,4,11.0,62.0,7,Gò Vấp,34.36,5.81
Tây Nam,8.0,1,1,3,4,7.9,80.0,7,Nhà Bè,2.06,5.81
Tây Nam,8.0,1,1,3,4,7.8,80.0,7,Quận 7,10.088,5.81
Đông Nam,14.0,1,1,3,4,13.5,90.0,7,Quận 7,10.088,5.81
Đông Bắc,7.0,1,1,3,4,8.9,90.0,7,Quận 7,10.088,5.81
Đông Nam,7.0,1,1,3,4,6.8,55.0,7,Nhà Bè,2.06,5.81
Tây Nam,8.0,1,1,3,4,7.9,80.0,7,Nhà Bè,2.06,5.81
Tây Nam,8.0,1,1,3,4,7.8,80.0,7,Quận 7,10.088,5.81
Đông Nam,14.0,1,1,3,4,13.5,90.0,7,Quận 7,10.088,5.81
Đông Bắc,7.0,1,1,3,4,8.9,90.0,7,Quận 7,10.088,5.81
Đông Nam,7.0,1,1,3,4,6.8,55.0,7,Nhà Bè,2.06,5.81
Tây Bắc,22.0,1,1,3,3,55.0,99.0,7,Quận 3,38.852,5.81
Tây,8.0,1,1,4,5,8.2,72.0,7,Bình Tân,15.109,5.81
Tây Nam,8.0,1,1,3,4,7.9,80.0,7,Nhà Bè,2.06,5.81
Tây Nam,8.0,1,1,3,4,7.8,80.0,7,Quận 7,10.088,5.81
Đông Nam,14.0,1,1,3,4,13.5,90.0,7,Quận 7,10.088,5.81
Đông Bắc,7.0,1,1,3,4,8.9,90.0,7,Quận 7,10.088,5.81
Đông Nam,7.0,1,1,3,4,6.8,55.0,7,Nhà Bè,2.06,5.81
Tây Nam,8.0,1,1,3,4,7.9,80.0,7,Nhà Bè,2.06,5.81
Tây Nam,8.0,1,1,3,4,7.8,80.0,7,Quận 7,10.088,5.81
Đông Nam,14.0,1,1,3,4,13.5,90.0,7,Quận 7,10.088,5.81
Đông Bắc,7.0,1,1,3,4,8.9,90.0,7,Quận 7,10.088,5.81
Đông Nam,7.0,1,1,3,4,6.8,55.0,7,Nhà Bè,2.06,5.81
Tây Bắc,22.0,1,1,3,3,55.0,99.0,7,Quận 3,38.852,5.81
Tây,8.0,1,1,4,5,8.2,72.0,7,Bình Tân,15.109,5.81
Tây Nam,20.0,1,1,3,4,11.0,62.0,7,Gò Vấp,34.36,5.81
Đông Nam,4.0,2,1,2,3,8.2,77.0,7,Tân Bình,21.196,5.81
Đông Nam,20.0,1,1,8,8,200.0,685.0,7,Quận 3,38.852,5.81
Tây Nam,8.0,1,1,3,4,7.9,80.0,7,Nhà Bè,2.06,5.81
Tây Nam,8.0,1,1,3,4,7.8,80.0,7,Quận 7,10.088,5.81
Đông Nam,14.0,1,1,3,4,13.5,90.0,7,Quận 7,10.088,5.81
Đông Bắc,7.0,1,1,3,4,8.9,90.0,7,Quận 7,10.088,5.81
Đông Nam,7.0,1,1,3,4,6.8,55.0,7,Nhà Bè,2.06,5.81
Tây Nam,8.0,1,1,3,4,7.9,80.0,7,Nhà Bè,2.06,5.81
Tây Nam,8.0,1,1,3,4,7.8,80.0,7,Quận 7,10.088,5.81
Đông Nam,14.0,1,1,3,4,13.5,90.0,7,Quận 7,10.088,5.81
Đông Bắc,7.0,1,1,3,4,8.9,90.0,7,Quận 7,10.088,5.81
Đông Nam,7.0,1,1,3,4,6.8,55.0,7,Nhà Bè,2.06,5.81
Tây Bắc,22.0,1,1,3,3,55.0,99.0,7,Quận 3,38.852,5.81
Tây,8.0,1,1,4,5,8.2,72.0,7,Bình Tân,15.109,5.81
Tây Nam,8.0,1,1,3,4,7.9,80.0,7,Nhà Bè,2.06,5.81
Tây Nam,8.0,1,1,3,4,7.8,80.0,7,Quận 7,10.088,5.81
Đông Nam,14.0,1,1,3,4,13.5,90.0,7,Quận 7,10.088,5.81
Đông Bắc,7.0,1,1,3,4,8.9,90.0,7,Quận 7,10.088,5.81
Đông Nam,7.0,1,1,3,4,6.8,55.0,7,Nhà Bè,2.06,5.81
Tây Nam,8.0,1,1,3,4,7.9,80.0,7,Nhà Bè,2.06,5.81
Tây Nam,8.0,1,1,3,4,7.8,80.0,7,Quận 7,10.088,5.81
Đông Nam,14.0,1,1,3,4,13.5,90.0,7,Quận 7,10.088,5.81
Đông Bắc,7.0,1,1,3,4,8.9,90.0,7,Quận 7,10.088,5.81
Đông Nam,7.0,1,1,3,4,6.8,55.0,7,Nhà Bè,2.06,5.81
Tây Bắc,22.0,1,1,3,3,55.0,99.0,7,Quận 3,38.852,5.81
Tây,8.0,1,1,4,5,8.2,72.0,7,Bình Tân,15.109,5.81
Tây Nam,20.0,1,1,3,4,11.0,62.0,7,Gò Vấp,34.36,5.81
Tây Nam,8.0,1,1,3,4,7.9,80.0,7,Nhà Bè,2.06,5.81
Tây Nam,8.0,1,1,3,4,7.8,80.0,7,Quận 7,10.088,5.81
Đông Nam,14.0,1,1,3,4,13.5,90.0,7,Quận 7,10.088,5.81
Đông Bắc,7.0,1,1,3,4,8.9,90.0,7,Quận 7,10.088,5.81
Đông Nam,7.0,1,1,3,4,6.8,55.0,7,Nhà Bè,2.06,5.81
Tây Nam,8.0,1,1,3,4,7.9,80.0,7,Nhà Bè,2.06,5.81
Tây Nam,8.0,1,1,3,4,7.8,80.0,7,Quận 7,10.088,5.81
Đông Nam,14.0,1,1,3,4,13.5,90.0,7,Quận 7,10.088,5.81
Đông Bắc,7.0,1,1,3,4,8.9,90.0,7,Quận 7,10.088,5.81
Đông Nam,7.0,1,1,3,4,6.8,55.0,7,Nhà Bè,2.06,5.81
Tây Bắc,22.0,1,1,3,3,55.0,99.0,7,Quận 3,38.852,5.81
Tây,8.0,1,1,4,5,8.2,72.0,7,Bình Tân,15.109,5.81
Tây Nam,8.0,1,1,3,4,7.9,80.0,7,Nhà Bè,2.06,5.81
Tây Nam,8.0,1,1,3,4,7.8,80.0,7,Quận 7,10.088,5.81
Đông Nam,14.0,1,1,3,4,13.5,90.0,7,Quận 7,10.088,5.81
Đông Bắc,7.0,1,1,3,4,8.9,90.0,7,Quận 7,10.088,5.81
Đông Nam,7.0,1,1,3,4,6.8,55.0,7,Nhà Bè,2.06,5.81
Tây Nam,8.0,1,1,3,4,7.9,80.0,7,Nhà Bè,2.06,5.81
Tây Nam,8.0,1,1,3,4,7.8,80.0,7,Quận 7,10.088,5.81
Đông Nam,14.0,1,1,3,4,13.5,90.0,7,Quận 7,10.088,5.81
Đông Bắc,7.0,1,1,3,4,8.9,90.0,7,Quận 7,10.088,5.81
Đông Nam,7.0,1,1,3,4,6.8,55.0,7,Nhà Bè,2.06,5.81
Tây Bắc,22.0,1,1,3,3,55.0,99.0,7,Quận 3,38.852,5.81
Tây,8.0,1,1,4,5,8.2,72.0,7,Bình Tân,15.109,5.81
Tây Nam,20.0,1,1,3,4,11.0,62.0,7,Gò Vấp,34.36,5.81
Tây Nam,8.0,1,1,3,4,7.9,80.0,7,Nhà Bè,2.06,5.81
Tây Nam,8.0,1,1,3,4,7.8,80.0,7,Quận 7,10.088,5.81
Đông Nam,14.0,1,1,3,4,13.5,90.0,7,Quận 7,10.088,5.81
Đông Bắc,7.0,1,1,3,4,8.9,90.0,7,Quận 7,10.088,5.81
Đông Nam,7.0,1,1,3,4,6.8,55.0,7,Nhà Bè,2.06,5.81
Tây Nam,8.0,1,1,3,4,7.9,80.0,7,Nhà Bè,2.06,5.81
Tây Nam,8.0,1,1,3,4,7.8,80.0,7,Quận 7,10.088,5.81
Đông Nam,14.0,1,1,3,4,13.5,90.0,7,Quận 7,10.088,5.81
Đông Bắc,7.0,1,1,3,4,8.9,90.0,7,Quận 7,10.088,5.81
Đông Nam,7.0,1,1,3,4,6.8,55.0,7,Nhà Bè,2.06,5.81
Tây Bắc,22.0,1,1,3,3,55.0,99.0,7,Quận 3,38.852,5.81
Tây,8.0,1,1,4,5,8.2,72.0,7,Bình Tân,15.109,5.81
Tây Nam,8.0,1,1,3,4,7.9,80.0,7,Nhà Bè,2.06,5.81
Tây Nam,8.0,1,1,3,4,7.8,80.0,7,Quận 7,10.088,5.81
Đông Nam,14.0,1,1,3,4,13.5,90.0,7,Quận 7,10.088,5.81
Đông Bắc,7.0,1,1,3,4,8.9,90.0,7,Quận 7,10.088,5.81
Đông Nam,7.0,1,1,3,4,6.8,55.0,7,Nhà Bè,2.06,5.81
Tây Nam,8.0,1,1,3,4,7.9,80.0,7,Nhà Bè,2.06,5.81
Tây Nam,8.0,1,1,3,4,7.8,80.0,7,Quận 7,10.088,5.81
Đông Nam,14.0,1,1,3,4,13.5,90.0,7,Quận 7,10.088,5.81
Đông Bắc,7.0,1,1,3,4,8.9,90.0,7,Quận 7,10.088,5.81
Đông Nam,7.0,1,1,3,4,6.8,55.0,7,Nhà Bè,2.06,5.81
Tây Bắc,22.0,1,1,3,3,55.0,99.0,7,Quận 3,38.852,5.81
Tây,8.0,1,1,4,5,8.2,72.0,7,Bình Tân,15.109,5.81
Tây Nam,20.0,1,1,3,4,11.0,62.0,7,Gò Vấp,34.36,5.81
Tây Nam,8.0,1,1,3,4,7.9,80.0,7,Nhà Bè,2.06,5.81
Tây Nam,8.0,1,1,3,4,7.8,80.0,7,Quận 7,10.088,5.81
Đông Nam,14.0,1,1,3,4,13.5,90.0,7,Quận 7,10.088,5.81
Đông Bắc,7.0,1,1,3,4,8.9,90.0,7,Quận 7,10.088,5.81
Đông Nam,7.0,1,1,3,4,6.8,55.0,7,Nhà Bè,2.06,5.81
Tây Nam,8.0,1,1,3,4,7.9,80.0,7,Nhà Bè,2.06,5.81
Tây Nam,8.0,1,1,3,4,7.8,80.0,7,Quận 7,10.088,5.81
Đông Nam,14.0,1,1,3,4,13.5,90.0,7,Quận 7,10.088,5.81
Đông Bắc,7.0,1,1,3,4,8.9,90.0,7,Quận 7,10.088,5.81
Đông Nam,7.0,1,1,3,4,6.8,55.0,7,Nhà Bè,2.06,5.81
Tây Bắc,22.0,1,1,3,3,55.0,99.0,7,Quận 3,38.852,5.81
Tây,8.0,1,1,4,5,8.2,72.0,7,Bình Tân,15.109,5.81
Tây Nam,8.0,1,1,3,4,7.9,80.0,7,Nhà Bè,2.06,5.81
Tây Nam,8.0,1,1,3,4,7.8,80.0,7,Quận 7,10.088,5.81
Đông Nam,14.0,1,1,3,4,13.5,90.0,7,Quận 7,10.088,5.81
Đông Bắc,7.0,1,1,3,4,8.9,90.0,7,Quận 7,10.088,5.81
Đông Nam,7.0,1,1,3,4,6.8,55.0,7,Nhà Bè,2.06,5.81
Tây Nam,8.0,1,1,3,4,7.9,80.0,7,Nhà Bè,2.06,5.81
Tây Nam,8.0,1,1,3,4,7.8,80.0,7,Quận 7,10.088,5.81
Đông Nam,14.0,1,1,3,4,13.5,90.0,7,Quận 7,10.088,5.81
Đông Bắc,7.0,1,1,3,4,8.9,90.0,7,Quận 7,10.088,5.81
Đông Nam,7.0,1,1,3,4,6.8,55.0,7,Nhà Bè,2.06,5.81
Tây Bắc,22.0,1,1,3,3,55.0,99.0,7,Quận 3,38.852,5.81
Tây,8.0,1,1,4,5,8.2,72.0,7,Bình Tân,15.109,5.81
Tây Nam,20.0,1,1,3,4,11.0,62.0,7,Gò Vấp,34.36,5.81
Đông Nam,4.0,2,1,2,3,8.2,77.0,7,Tân Bình,21.196,5.81
Đông Nam,20.0,1,1,8,8,200.0,685.0,7,Quận 3,38.852,5.81
Tây,15.0,0,1,5,6,32.0,256.0,7,Quận 6,32.439,5.81
Đông Nam,20.0,0,1,5,5,15.5,108.0,7,Quận 8,22.118,5.81
Tây Bắc,30.0,0,1,3,5,38.0,220.0,7,Quận 7,10.088,5.81
Đông Nam,15.0,0,1,3,5,13.2,85.0,7,Quận 7,10.088,5.81
Bắc,20.0,0,0,3,5,19.0,192.0,7,Quận 7,10.088,5.81
Đông Nam,20.0,0,1,3,6,32.5,288.0,7,Quận 7,10.088,5.81
Tây Bắc,30.0,0,1,2,4,13.5,105.0,7,Nhà Bè,2.06,5.81
Tây,16.0,0,1,3,5,14.0,120.0,7,Quận 7,10.088,5.81
Bắc,14.0,0,1,3,5,34.0,280.0,7,Quận 7,10.088,5.81
Đông Nam,15.0,0,1,4,6,20.0,120.0,7,Quận 8,22.118,5.81
Tây Bắc,15.0,0,1,4,6,13.5,500.0,7,Quận 8,22.118,5.81
Đông Nam,20.0,0,0,4,5,13.5,120.0,7,Quận 8,22.118,5.81
Bắc,20.0,0,1,4,4,15.9,140.0,7,Bình Chánh,2.792,5.81
Tây Bắc,20.0,0,1,4,5,13.4,72.0,7,Quận 8,22.118,5.81
Tây Nam,8.0,0,1,3,6,120.0,700.0,7,Thủ Đức,4.791,5.81
Đông Nam,12.0,0,1,5,8,22.0,111.0,7,Thủ Đức,4.791,5.81
Đông Nam,10.0,0,1,3,4,26.2,128.0,7,Thủ Đức,4.791,5.81
Đông Nam,10.0,0,1,3,4,28.0,160.0,7,Thủ Đức,4.791,5.81
Bắc,8.0,0,1,2,4,7.2,57.0,7,Gò Vấp,34.36,5.81
Bắc,8.0,0,1,2,4,7.2,57.0,7,Gò Vấp,34.36,5.81
Nam,16.0,0,1,3,5,11.5,132.0,7,Thủ Đức,4.791,5.81
Đông,5.0,0,1,1,2,5.2,55.0,7,Gò Vấp,34.36,5.81
Tây Nam,4.0,0,1,2,4,8.0,210.0,7,Quận 4,41.745,5.81
Nam,5.0,0,1,3,4,5.8,75.0,7,Gò Vấp,34.36,5.81
Tây,12.0,0,0,3,5,29.0,139.0,7,Thủ Đức,4.791,5.81
Tây Bắc,5.0,0,1,2,5,29.0,139.0,7,Bình Thạnh,23.998,5.81
Bắc,8.0,0,1,2,4,7.2,57.0,7,Gò Vấp,34.36,5.81
Nam,16.0,0,1,3,5,11.5,132.0,7,Thủ Đức,4.791,5.81
Đông,5.0,0,1,1,2,5.2,55.0,7,Gò Vấp,34.36,5.81
Tây Nam,4.0,0,1,2,4,8.0,210.0,7,Quận 4,41.745,5.81
Nam,5.0,0,1,3,4,5.8,75.0,7,Gò Vấp,34.36,5.81
Tây,12.0,0,0,3,5,29.0,139.0,7,Thủ Đức,4.791,5.81
Tây Bắc,5.0,0,1,2,5,29.0,139.0,7,Bình Thạnh,23.998,5.81
Bắc,12.0,0,1,3,5,23.0,148.0,7,Quận 7,10.088,5.81
Bắc,22.0,0,1,4,5,46.0,228.0,7,Quận 6,32.439,5.81
Đông Nam,6.0,0,0,4,4,6.85,83.0,7,Nhà Bè,2.06,5.81
Tây Nam,10.0,0,1,1,2,120.0,2.6,7,Thủ Đức,4.791,5.81
Đông Nam,12.0,0,1,2,5,17.5,160.0,7,Quận 8,22.118,5.81
Đông,20.0,0,1,4,4,12.0,80.0,7,Quận 8,22.118,5.81
Tây Nam,12.0,0,1,4,4,10.8,108.0,7,Quận 8,22.118,5.81
Đông Nam,4.0,0,0,4,15,13.9,260.0,7,Quận 8,22.118,5.81
Tây Nam,3.0,0,1,3,6,11.5,100.0,7,Bình Thạnh,23.998,5.81
Đông Nam,8.0,0,1,2,5,250.0,974.0,7,Thủ Đức,4.791,5.81
Đông,20.0,0,1,5,5,21.8,170.0,7,Tân Bình,21.196,5.81
Đông,20.0,0,1,6,6,24.3,69.0,7,Quận 1,18.523,5.81
Đông,7.0,0,1,5,5,21.8,123.0,7,Tân Bình,21.196,5.81
Đông Bắc,20.0,0,1,5,5,23.5,153.0,7,Phú Nhuận,33.461,5.81
Đông,6.0,0,1,5,5,28.0,231.0,7,Phú Nhuận,33.461,5.81
Đông,20.0,0,1,5,5,14.5,177.0,7,Phú Nhuận,33.461,5.81
Đông,7.0,0,1,5,5,31.0,101.0,7,Bình Thạnh,23.998,5.81
Nam,8.0,0,1,7,7,37.0,197.0,7,Tân Bình,21.196,5.81
Bắc,6.0,0,1,7,7,28.5,179.0,7,Tân Bình,21.196,5.81
Đông Bắc,5.0,0,1,6,6,32.0,145.0,7,Quận 1,18.523,5.81
Đông,20.0,0,1,5,5,33.8,154.0,7,Phú Nhuận,33.461,5.81
Tây Nam,12.0,0,1,3,5,80.0,210.0,7,Quận 7,10.088,5.81
Đông Nam,15.0,0,1,2,5,95.0,345.0,7,Quận 7,10.088,5.81
Tây Bắc,10.0,0,1,4,4,15.9,162.0,7,Thủ Đức,4.791,5.81
Tây Nam,15.0,0,1,2,5,26.0,238.0,7,Thủ Đức,4.791,5.81
Đông,12.0,0,1,3,4,8.8,55.0,7,Gò Vấp,34.36,5.81
Bắc,16.0,0,1,2,4,15.2,206.0,7,Quận 7,10.088,5.81
Tây Bắc,12.0,0,0,2,4,23.0,330.0,7,Quận 7,10.088,5.81
Bắc,14.0,0,1,3,5,18.5,260.0,7,Quận 7,10.088,5.81
Đông,12.0,0,1,3,4,22.0,480.0,7,Quận 7,10.088,5.81
Đông Nam,10.0,0,1,2,4,48.0,400.0,7,Quận 7,10.088,5.81
Tây Bắc,14.0,0,1,3,5,22.0,372.0,7,Quận 7,10.088,5.81
Nam,14.0,0,1,2,4,9.2,160.0,7,Quận 7,10.088,5.81
Đông Nam,9.0,0,1,2,4,21.8,140.0,7,Quận 1,18.523,5.81
Đông Bắc,6.0,0,1,5,8,40.0,210.0,7,Quận 10,41.196,5.81
Đông Nam,10.0,0,1,4,8,18.0,100.0,7,Tân Bình,21.196,5.81
Đông Nam,16.0,0,1,3,5,75.0,160.0,7,Quận 1,18.523,5.81
Bắc,12.0,0,1,3,4,22.0,300.0,7,Nhà Bè,2.06,5.81
Tây Nam,15.0,0,1,2,4,46.5,126.0,7,Quận 7,10.088,5.81
Đông Bắc,10.0,0,1,3,4,30.0,126.0,7,Quận 7,10.088,5.81
Đông Nam,20.0,0,1,2,4,95.0,256.0,7,Quận 7,10.088,5.81
Tây Bắc,20.0,0,1,2,4,93.0,216.0,7,Quận 7,10.088,5.81
Bắc,15.0,0,1,3,4,30.0,162.0,7,Quận 7,10.088,5.81
Nam,15.0,0,1,3,4,36.0,126.0,7,Quận 7,10.088,5.81
Nam,10.0,0,1,4,12,33.0,148.0,7,Quận 7,10.088,5.81
Tây Bắc,10.0,0,1,2,5,18.5,175.0,7,Thủ Đức,4.791,5.81
Tây Nam,12.0,0,1,4,6,25.0,114.0,7,Gò Vấp,34.36,5.81
Tây Bắc,12.0,0,1,3,5,26.0,336.0,7,Bình Thạnh,23.998,5.81
Nam,8.0,0,1,1,5,72.0,1.773,7,Quận 12,11.745,5.81
Đông,20.0,0,1,2,4,35.0,444.0,7,Thủ Đức,4.791,5.81
Bắc,12.0,0,1,3,4,22.0,300.0,7,Nhà Bè,2.06,5.81
Tây Nam,15.0,0,1,2,4,46.5,126.0,7,Quận 7,10.088,5.81
Đông Bắc,10.0,0,1,3,4,30.0,126.0,7,Quận 7,10.088,5.81
Đông Nam,20.0,0,1,2,4,95.0,256.0,7,Quận 7,10.088,5.81
Tây Bắc,20.0,0,1,2,4,93.0,216.0,7,Quận 7,10.088,5.81
Nam,15.0,0,1,3,4,36.0,126.0,7,Quận 7,10.088,5.81
Bắc,15.0,0,1,3,4,30.0,162.0,7,Quận 7,10.088,5.81
Nam,10.0,0,1,4,12,33.0,148.0,7,Quận 7,10.088,5.81
Tây Bắc,10.0,0,1,2,5,18.5,175.0,7,Thủ Đức,4.791,5.81
Tây Nam,12.0,0,1,4,6,25.0,114.0,7,Gò Vấp,34.36,5.81
Tây Bắc,12.0,0,1,3,5,26.0,336.0,7,Bình Thạnh,23.998,5.81
Nam,8.0,0,1,1,5,72.0,1.773,7,Quận 12,11.745,5.81
Bắc,12.0,0,1,3,5,78.0,480.0,7,Thủ Đức,4.791,5.81
Bắc,12.0,0,1,3,4,51.5,208.0,7,Thủ Đức,4.791,5.81
Tây,8.0,0,1,3,5,69.0,340.0,7,Thủ Đức,4.791,5.81
Tây,10.0,0,1,3,5,69.0,318.0,7,Thủ Đức,4.791,5.81
Đông Nam,20.0,0,1,2,4,104.0,400.0,7,Thủ Đức,4.791,5.81
Đông Nam,12.0,0,1,3,5,46.0,200.0,7,Thủ Đức,4.791,5.81
Nam,10.0,0,1,2,4,120.0,600.0,7,Thủ Đức,4.791,5.81
Đông Nam,10.0,0,1,3,4,35.0,225.0,7,Thủ Đức,4.791,5.81
Tây Bắc,10.0,0,0,3,6,85.0,411.0,7,Thủ Đức,4.791,5.81
Bắc,10.0,0,1,3,5,79.0,567.0,7,Thủ Đức,4.791,5.81
Bắc,10.0,0,1,3,5,78.0,566.0,7,Thủ Đức,4.791,5.81
Tây,14.0,0,1,3,5,103.0,460.0,7,Thủ Đức,4.791,5.81
Đông Nam,12.0,0,1,3,5,35.0,240.0,7,Thủ Đức,4.791,5.81
Đông Nam,10.0,0,1,3,5,34.0,215.0,7,Thủ Đức,4.791,5.81
Bắc,12.0,0,1,3,6,145.0,670.0,7,Thủ Đức,4.791,5.81
Đông Nam,6.0,0,1,3,4,12.49,57.0,7,Quận 10,41.196,5.81
Đông Nam,6.0,0,1,3,4,12.49,57.0,7,Quận 10,41.196,5.81
Bắc,8.0,0,1,3,5,39.0,5.0,7,Củ Chi,1.063,5.81
Đông Nam,40.0,0,1,2,4,139.0,352.0,7,Quận 7,10.088,5.81
Nam,40.0,0,1,2,4,40.0,126.0,7,Quận 7,10.088,5.81
Đông Nam,20.0,0,1,2,4,25.0,126.0,7,Quận 7,10.088,5.81
Nam,20.0,0,1,2,3,29.0,126.0,7,Quận 7,10.088,5.81
Đông Nam,20.0,0,1,4,4,477.0,437.0,7,Quận 1,18.523,5.81
Đông Nam,20.0,0,1,3,6,57.0,144.0,7,Quận 7,10.088,5.81
Nam,40.0,0,1,2,4,70.0,181.0,7,Quận 7,10.088,5.81
Nam,20.0,0,1,2,4,83.0,195.0,7,Quận 7,10.088,5.81
Đông,20.0,0,1,5,5,33.8,154.0,7,Phú Nhuận,33.461,5.81
Nam,8.0,0,1,7,7,37.0,197.0,7,Tân Bình,21.196,5.81
Bắc,6.0,0,1,7,7,28.5,179.0,7,Tân Bình,21.196,5.81
Đông Bắc,5.0,0,1,6,6,32.0,145.0,7,Quận 1,18.523,5.81
Đông,20.0,0,1,6,6,24.3,69.0,7,Quận 1,18.523,5.81
Đông Nam,6.0,0,0,4,4,6.85,83.0,7,Nhà Bè,2.06,5.81
Nam,10.0,0,1,4,5,43.0,88.0,7,Quận 10,41.196,5.81
Tây Nam,8.0,0,1,1,4,40.0,220.0,7,Quận 3,38.852,5.81
Tây Bắc,8.0,0,1,4,7,35.0,155.0,7,Quận 5,36.994,5.81
Đông Bắc,10.0,0,1,1,5,76.0,400.0,7,Quận 10,41.196,5.81
Đông Nam,10.0,0,1,2,6,73.0,381.0,7,Quận 10,41.196,5.81
Tây Nam,8.0,0,0,3,9,25.5,106.0,7,Quận 3,38.852,5.81
Đông Bắc,14.0,0,1,3,5,29.5,200.0,7,Quận 7,10.088,5.81
Tây Bắc,16.0,0,1,2,3,22.3,132.0,7,Quận 7,10.088,5.81
Bắc,12.0,0,1,3,5,23.0,144.0,7,Quận 7,10.088,5.81
Bắc,16.0,0,1,3,4,15.2,81.0,7,Quận 7,10.088,5.81
Đông Nam,20.0,0,1,2,4,25.0,126.0,7,Quận 7,10.088,5.81
Nam,20.0,0,1,2,3,29.0,126.0,7,Quận 7,10.088,5.81
Nam,40.0,0,1,2,4,40.0,126.0,7,Quận 7,10.088,5.81
Đông Nam,20.0,0,1,4,4,477.0,437.0,7,Quận 1,18.523,5.81
Đông Nam,40.0,0,1,2,4,139.0,352.0,7,Quận 7,10.088,5.81
Đông Nam,20.0,0,1,3,6,57.0,144.0,7,Quận 7,10.088,5.81
Nam,40.0,0,1,2,4,70.0,181.0,7,Quận 7,10.088,5.81
Nam,20.0,0,1,2,4,83.0,195.0,7,Quận 7,10.088,5.81
Đông Bắc,20.0,0,1,1,5,162.0,442.0,7,Quận 3,38.852,5.81
Đông,16.0,0,1,2,4,11.5,121.0,7,Tân Bình,21.196,5.81
Đông Nam,12.0,0,0,3,4,28.0,250.0,7,Nhà Bè,2.06,5.81
Đông Nam,12.0,0,1,3,5,29.5,250.0,7,Nhà Bè,2.06,5.81
Đông Nam,12.0,0,1,1,3,19.0,125.0,7,Tân Bình,21.196,5.81
Đông Nam,10.0,0,1,4,8,23.0,117.0,7,Bình Thạnh,23.998,5.81
Nam,10.0,0,1,2,4,120.0,600.0,7,Thủ Đức,4.791,5.81
Đông Nam,10.0,0,1,3,4,35.0,225.0,7,Thủ Đức,4.791,5.81
Đông Nam,12.0,0,1,3,5,35.0,240.0,7,Thủ Đức,4.791,5.81
Tây,14.0,0,1,3,5,103.0,460.0,7,Thủ Đức,4.791,5.81
Bắc,10.0,0,1,3,5,78.0,566.0,7,Thủ Đức,4.791,5.81
Bắc,10.0,0,1,3,5,79.0,567.0,7,Thủ Đức,4.791,5.81
Tây Bắc,10.0,0,0,3,6,85.0,411.0,7,Thủ Đức,4.791,5.81
Bắc,12.0,0,1,3,6,145.0,670.0,7,Thủ Đức,4.791,5.81
Tây,10.0,0,1,3,5,69.0,318.0,7,Thủ Đức,4.791,5.81
Đông Nam,20.0,0,1,2,4,104.0,400.0,7,Thủ Đức,4.791,5.81
Đông Nam,12.0,0,1,3,5,46.0,200.0,7,Thủ Đức,4.791,5.81
Tây,8.0,0,1,3,5,69.0,340.0,7,Thủ Đức,4.791,5.81
Bắc,12.0,0,1,3,4,51.5,208.0,7,Thủ Đức,4.791,5.81
Đông,12.0,0,1,3,4,8.8,55.0,7,Gò Vấp,34.36,5.81
Đông Nam,14.0,0,1,2,3,18.0,180.0,7,Tân Bình,21.196,5.81
Đông Nam,4.0,0,1,1,8,23.5,213.0,7,Tân Bình,21.196,5.81
Tây Nam,16.0,0,1,3,5,7.95,75.0,7,Thủ Đức,4.791,5.81
Tây Bắc,16.0,0,1,3,4,8.8,90.0,7,Thủ Đức,4.791,5.81
Tây Bắc,12.0,0,1,3,4,7.35,85.0,7,Thủ Đức,4.791,5.81
Tây Nam,30.0,0,1,5,6,33.0,125.0,7,Thủ Đức,4.791,5.81
Đông Bắc,30.0,0,1,3,4,32.0,230.0,7,Thủ Đức,4.791,5.81
Đông,20.0,0,1,5,5,21.8,170.0,7,Tân Bình,21.196,5.81
Đông,7.0,0,1,5,5,21.8,123.0,7,Tân Bình,21.196,5.81
Đông,20.0,0,1,6,6,24.3,69.0,7,Quận 1,18.523,5.81
Đông,7.0,0,1,5,5,31.0,101.0,7,Bình Thạnh,23.998,5.81
Đông,20.0,0,1,5,5,14.5,177.0,7,Phú Nhuận,33.461,5.81
Đông Bắc,20.0,0,1,5,5,23.5,153.0,7,Phú Nhuận,33.461,5.81
Đông,6.0,0,1,5,5,28.0,231.0,7,Phú Nhuận,33.461,5.81
Đông,20.0,0,1,5,5,33.8,154.0,7,Phú Nhuận,33.461,5.81
Nam,8.0,0,1,7,7,37.0,197.0,7,Tân Bình,21.196,5.81
Bắc,6.0,0,1,7,7,28.5,179.0,7,Tân Bình,21.196,5.81
Đông Bắc,5.0,0,1,6,6,32.0,145.0,7,Quận 1,18.523,5.81
Đông Bắc,0.0,0,0,2,3,23.5,102.0,7,Thủ Đức,4.791,5.81
Tây Bắc,0.0,0,1,2,3,32.0,394.0,7,Thủ Đức,4.791,5.81
Tây Bắc,12.0,0,1,3,4,23.0,200.0,7,Thủ Đức,4.791,5.81
Đông Bắc,0.0,0,1,6,8,26.5,113.0,7,Thủ Đức,4.791,5.81
Nam,0.0,0,1,3,5,15.5,119.0,7,Thủ Đức,4.791,5.81
Bắc,9.0,0,1,3,3,15.5,85.0,7,Thủ Đức,4.791,5.81
Đông Nam,7.0,0,1,2,3,6.8,54.0,7,Thủ Đức,4.791,5.81
Đông Bắc,0.0,0,1,1,3,9.8,180.0,7,Thủ Đức,4.791,5.81
Đông Bắc,9.0,0,1,3,5,33.0,160.0,7,Thủ Đức,4.791,5.81
Tây Nam,0.0,0,1,5,4,35.0,102.0,7,Thủ Đức,4.791,5.81
Đông Nam,0.0,0,1,2,3,25.0,200.0,7,Thủ Đức,4.791,5.81
Tây Nam,0.0,0,1,3,8,13.5,61.0,7,Thủ Đức,4.791,5.81
Đông Nam,15.0,0,1,3,2,15.5,120.0,7,Thủ Đức,4.791,5.81
Nam,6.0,0,1,1,2,6.7,135.0,7,Thủ Đức,4.791,5.81
Nam,6.0,0,1,1,3,11.0,377.0,7,Thủ Đức,4.791,5.81
Đông Bắc,0.0,0,1,2,4,11.5,124.0,7,Thủ Đức,4.791,5.81
Tây Bắc,0.0,0,1,2,4,33.5,316.0,7,Thủ Đức,4.791,5.81
Tây Bắc,12.0,0,1,2,3,23.0,200.0,7,Thủ Đức,4.791,5.81
Đông,0.0,0,1,3,5,31.0,270.0,7,Thủ Đức,4.791,5.81
Đông Nam,12.0,0,1,2,2,9.5,90.0,7,Thủ Đức,4.791,5.81
Đông Bắc,0.0,0,1,3,3,31.0,168.0,7,Thủ Đức,4.791,5.81
Bắc,25.0,0,1,3,5,15.0,75.0,7,Thủ Đức,4.791,5.81
Tây Nam,0.0,0,1,2,3,59.5,240.0,7,Thủ Đức,4.791,5.81
Đông,8.0,0,1,3,4,29.0,180.0,7,Tân Bình,21.196,5.81
Nam,6.0,0,1,4,4,10.5,82.0,7,Tân Phú,30.146,5.81
Đông Nam,10.0,0,1,6,7,21.5,74.0,7,Phú Nhuận,33.461,5.81
Tây,12.0,0,1,3,5,30.0,200.0,7,Bình Tân,15.109,5.81
Tây,14.0,0,0,4,5,38.0,270.0,7,Bình Tân,15.109,5.81
Tây,14.0,0,1,2,3,37.5,400.0,7,Bình Tân,15.109,5.81
Đông,14.0,0,1,4,9,28.0,190.0,7,Bình Tân,15.109,5.81
Đông,10.0,0,1,3,6,23.0,185.0,7,Bình Tân,15.109,5.81
Đông Nam,8.0,0,1,3,4,8.6,115.0,7,Thủ Đức,4.791,5.81
Đông,8.0,0,1,3,4,29.0,180.0,7,Tân Bình,21.196,5.81
Đông Bắc,8.0,0,1,2,4,12.5,120.0,7,Gò Vấp,34.36,5.81
Đông Bắc,12.0,0,1,3,5,26.0,200.0,7,Nhà Bè,2.06,5.81
Đông Nam,12.0,0,1,3,5,11.5,97.0,7,Nhà Bè,2.06,5.81
Bắc,16.0,0,1,4,4,15.5,81.0,7,Quận 7,10.088,5.81
Đông Bắc,30.0,0,1,2,5,210.0,600.0,7,Quận 7,10.088,5.81
Bắc,18.0,0,1,4,6,65.0,200.0,7,Quận 7,10.088,5.81
Nam,10.0,0,1,5,5,38.0,400.0,7,Quận 7,10.088,5.81
Đông Nam,12.0,0,1,3,5,18.0,150.0,7,Quận 7,10.088,5.81
Tây Nam,15.0,0,1,3,3,23.0,105.0,7,Quận 7,10.088,5.81
Tây Nam,7.0,0,1,3,4,9.2,85.0,7,Thủ Đức,4.791,5.81
Nam,30.0,0,1,3,6,36.0,288.0,7,Quận 7,10.088,5.81
Đông Nam,12.0,0,1,3,5,19.6,350.0,7,Quận 7,10.088,5.81
Đông Nam,30.0,0,1,3,5,37.0,450.0,7,Quận 7,10.088,5.81
Tây,10.0,0,1,4,6,16.8,380.0,7,Gò Vấp,34.36,5.81
Tây Bắc,12.0,0,1,3,4,16.0,212.0,7,Thủ Đức,4.791,5.81
Đông Nam,12.0,0,1,4,4,40.0,220.0,7,Quận 7,10.088,5.81
Đông Nam,12.0,0,1,3,4,16.0,212.0,7,Thủ Đức,4.791,5.81
Đông Bắc,20.0,0,1,4,5,36.0,160.0,7,Quận 7,10.088,5.81
Đông Bắc,12.0,0,1,4,7,20.0,160.0,7,Quận 7,10.088,5.81
Đông,15.0,0,1,3,4,36.0,500.0,7,Quận 7,10.088,5.81
Đông Nam,12.0,0,1,3,4,16.0,300.0,7,Thủ Đức,4.791,5.81
Nam,17.0,0,1,3,4,19.0,250.0,7,Quận 7,10.088,5.81
Đông Nam,20.0,0,1,3,6,21.0,578.0,7,Nhà Bè,2.06,5.81
Đông Nam,12.0,0,1,3,5,30.0,700.0,7,Thủ Đức,4.791,5.81
Đông Nam,12.0,0,1,3,5,16.0,202.0,7,Thủ Đức,4.791,5.81
Tây Nam,12.0,0,1,3,5,16.2,265.0,7,Gò Vấp,34.36,5.81
Tây Nam,30.0,0,1,4,6,85.0,412.0,7,Quận 7,10.088,5.81
Đông Bắc,12.0,0,1,4,5,17.0,300.0,7,Gò Vấp,34.36,5.81
Tây Bắc,12.0,0,1,3,5,17.0,225.0,7,Thủ Đức,4.791,5.81
Đông Bắc,12.0,0,1,4,5,23.5,400.0,7,Gò Vấp,34.36,5.81
Đông Nam,12.0,0,1,3,6,49.5,600.0,7,Quận 7,10.088,5.81
Tây Nam,20.0,0,1,3,5,99.0,502.0,7,Thủ Đức,4.791,5.81
Bắc,17.0,0,1,4,4,19.0,180.0,7,Quận 7,10.088,5.81
Đông Bắc,30.0,0,1,3,5,12.8,200.0,7,Quận 12,11.745,5.81
Bắc,12.0,0,1,3,3,14.5,200.0,7,Quận 12,11.745,5.81
Đông Nam,30.0,0,1,4,5,19.95,383.0,7,Gò Vấp,34.36,5.81
Bắc,16.0,0,1,3,5,31.5,215.0,7,Quận 7,10.088,5.81
Đông Nam,40.0,0,1,5,5,55.0,200.0,7,Quận 7,10.088,5.81
Đông Bắc,30.0,0,1,3,5,41.0,400.0,7,Quận 7,10.088,5.81
Đông Bắc,30.0,0,1,3,3,23.0,200.0,7,Nhà Bè,2.06,5.81
Đông Nam,16.0,0,1,4,4,20.0,250.0,7,Nhà Bè,2.06,5.81
Đông Nam,20.0,0,1,3,4,21.0,200.0,7,Nhà Bè,2.06,5.81
Đông,16.0,0,1,3,3,17.0,130.0,7,Quận 7,10.088,5.81
Đông Nam,16.0,0,1,4,5,42.0,250.0,7,Quận 7,10.088,5.81
Tây Nam,50.0,0,1,4,6,33.0,210.0,7,Nhà Bè,2.06,5.81
Đông,20.0,0,1,4,10,41.0,250.0,7,Quận 7,10.088,5.81
Tây,20.0,0,1,3,4,17.0,126.0,7,Quận 7,10.088,5.81
Bắc,20.0,0,1,4,5,18.0,133.0,7,Quận 7,10.088,5.81
Bắc,12.0,0,1,3,4,15.0,168.0,7,Quận 7,10.088,5.81
Đông Bắc,16.0,0,1,3,4,32.0,126.0,7,Quận 7,10.088,5.81
Đông Nam,20.0,0,1,3,5,42.0,144.0,7,Quận 7,10.088,5.81
Nam,12.0,0,1,3,5,29.5,240.0,7,Quận 7,10.088,5.81
Đông Bắc,12.0,0,1,4,5,16.5,100.0,7,Quận 7,10.088,5.81
Tây Bắc,12.0,0,1,4,5,16.5,102.0,7,Quận 7,10.088,5.81
Bắc,12.0,0,1,3,6,71.0,225.0,7,Quận 7,10.088,5.81
Đông Nam,16.0,0,1,4,5,38.0,229.0,7,Quận 7,10.088,5.81
Bắc,12.0,0,1,2,4,27.5,151.0,7,Quận 7,10.088,5.81
Tây Nam,16.0,0,1,4,5,15.8,260.0,7,Quận 7,10.088,5.81
Đông Bắc,14.0,0,1,3,5,29.5,200.0,7,Quận 7,10.088,5.81
Tây Bắc,16.0,0,1,2,3,22.3,132.0,7,Quận 7,10.088,5.81
Bắc,16.0,0,1,3,4,15.2,81.0,7,Quận 7,10.088,5.81
Đông Nam,12.0,0,1,2,4,5.3,60.0,7,Thủ Đức,4.791,5.81
Đông Nam,4.0,0,1,1,8,23.5,213.0,7,Tân Bình,21.196,5.81
Đông Nam,18.0,0,1,3,3,36.0,160.0,7,Thủ Đức,4.791,5.81
Đông Bắc,20.0,0,1,4,5,55.0,144.0,7,Quận 3,38.852,5.81
Tây Nam,20.0,0,1,5,6,85.0,402.0,7,Quận 3,38.852,5.81
Đông Bắc,8.0,0,1,4,5,52.0,208.0,7,Thủ Đức,4.791,5.81
Đông Nam,20.0,0,1,4,6,55.0,144.0,7,Quận 3,38.852,5.81
Tây Bắc,10.0,0,1,3,3,65.0,325.0,7,Quận 1,18.523,5.81
Tây Nam,10.0,0,1,5,5,33.0,120.0,7,Phú Nhuận,33.461,5.81
Đông,20.0,0,1,4,4,23.0,207.0,7,Bình Thạnh,23.998,5.81
Đông Nam,4.0,0,1,4,18,22.0,135.0,7,Tân Bình,21.196,5.81
Bắc,15.0,0,0,3,5,15.6,108.0,7,Quận 8,22.118,5.81
Tây,6.0,0,1,1,6,28.0,529.0,7,Quận 8,22.118,5.81
Tây Bắc,8.0,0,1,3,6,21.0,189.0,7,Quận 8,22.118,5.81
Tây Nam,10.0,0,1,1,6,25.0,604.0,7,Bình Chánh,2.792,5.81
Đông Bắc,15.0,0,1,3,6,23.5,148.0,7,Quận 8,22.118,5.81
Nam,12.0,0,1,4,6,11.5,100.0,7,Bình Chánh,2.792,5.81
Đông Nam,15.0,0,1,3,4,9.8,112.0,7,Quận 8,22.118,5.81
Đông,16.0,0,1,2,4,28.0,213.0,7,Tân Bình,21.196,5.81
Đông Nam,12.0,0,1,3,4,20.0,140.0,7,Tân Bình,21.196,5.81
Bắc,5.0,0,1,3,6,19.999,189.0,7,Quận 8,22.118,5.81
Bắc,12.0,0,1,3,5,16.0,102.0,7,Quận 8,22.118,5.81
Đông Nam,8.0,0,1,3,9,12.3,210.0,7,Bình Chánh,2.792,5.81
Bắc,12.0,0,1,3,4,15.5,102.0,7,Bình Chánh,2.792,5.81
Nam,10.0,0,1,5,5,38.0,400.0,7,Quận 7,10.088,5.81
Đông Nam,12.0,0,1,3,5,18.0,150.0,7,Quận 7,10.088,5.81
Tây Nam,15.0,0,1,3,3,23.0,105.0,7,Quận 7,10.088,5.81
Tây,12.0,0,1,2,5,20.0,240.0,7,Quận 12,11.745,5.81
Tây Nam,16.0,0,1,4,5,45.0,452.0,7,Thủ Đức,4.791,5.81
Đông Nam,12.0,0,1,2,5,85.0,441.0,7,Quận 3,38.852,5.81
Tây Nam,8.0,0,1,2,3,39.0,200.0,7,Quận 3,38.852,5.81
Nam,20.0,0,1,4,5,75.0,210.0,7,Quận 7,10.088,5.81
Nam,5.0,0,1,5,5,12.5,108.0,7,Tân Bình,21.196,5.81
Đông Nam,10.0,0,1,3,4,12.5,108.0,7,Thủ Đức,4.791,5.81
Đông,15.0,0,1,3,6,29.0,200.0,7,Bình Tân,15.109,5.81
Tây Nam,10.0,0,1,1,6,25.0,604.0,7,Bình Chánh,2.792,5.81
Tây Bắc,8.0,0,1,3,6,21.0,189.0,7,Quận 8,22.118,5.81
Bắc,15.0,0,0,3,5,15.6,108.0,7,Quận 8,22.118,5.81
Tây,6.0,0,1,1,6,28.0,529.0,7,Quận 8,22.118,5.81
Nam,12.0,0,1,4,6,11.5,100.0,7,Bình Chánh,2.792,5.81
Đông Bắc,15.0,0,1,3,6,23.5,148.0,7,Quận 8,22.118,5.81
Đông Nam,15.0,0,1,3,4,9.8,112.0,7,Quận 8,22.118,5.81
Nam,16.0,0,1,3,4,22.5,90.0,7,Quận 7,10.088,5.81
Đông Bắc,12.0,0,1,2,3,25.0,320.0,7,Bình Chánh,2.792,5.81
Đông Bắc,16.0,0,1,2,4,14.5,210.0,7,Bình Chánh,2.792,5.81
Đông Bắc,12.0,0,1,2,4,12.0,200.0,7,Bình Chánh,2.792,5.81
Đông Bắc,16.0,0,1,3,5,35.0,350.0,7,Bình Chánh,2.792,5.81
Đông Nam,12.0,0,1,3,5,30.0,250.0,7,Bình Chánh,2.792,5.81
Đông Nam,22.0,0,1,2,4,19.5,200.0,7,Bình Chánh,2.792,5.81
Tây,10.0,0,1,4,5,33.5,220.0,7,Gò Vấp,34.36,5.81
Đông Bắc,12.0,0,1,2,3,25.0,320.0,7,Bình Chánh,2.792,5.81
Đông Bắc,16.0,0,1,2,4,14.5,210.0,7,Bình Chánh,2.792,5.81
Đông Bắc,12.0,0,1,2,4,12.0,200.0,7,Bình Chánh,2.792,5.81
Đông Bắc,16.0,0,1,3,5,35.0,350.0,7,Bình Chánh,2.792,5.81
Đông Nam,12.0,0,1,3,5,30.0,250.0,7,Bình Chánh,2.792,5.81
Đông Nam,22.0,0,1,2,4,19.5,200.0,7,Bình Chánh,2.792,5.81
Tây,10.0,0,1,4,5,33.5,220.0,7,Gò Vấp,34.36,5.81
Đông Bắc,12.0,0,1,2,3,25.0,320.0,7,Bình Chánh,2.792,5.81
Đông Bắc,16.0,0,1,2,4,14.5,210.0,7,Bình Chánh,2.792,5.81
Đông Bắc,12.0,0,1,2,4,12.0,200.0,7,Bình Chánh,2.792,5.81
Đông Bắc,16.0,0,1,3,5,35.0,350.0,7,Bình Chánh,2.792,5.81
Đông Nam,12.0,0,1,3,5,30.0,250.0,7,Bình Chánh,2.792,5.81
Đông Nam,22.0,0,1,2,4,19.5,200.0,7,Bình Chánh,2.792,5.81
Tây,10.0,0,1,4,5,33.5,220.0,7,Gò Vấp,34.36,5.81
Đông Bắc,12.0,0,1,2,3,25.0,320.0,7,Bình Chánh,2.792,5.81
Đông Bắc,16.0,0,1,2,4,14.5,210.0,7,Bình Chánh,2.792,5.81
Đông Bắc,12.0,0,1,2,4,12.0,200.0,7,Bình Chánh,2.792,5.81
Đông Bắc,16.0,0,1,3,5,35.0,350.0,7,Bình Chánh,2.792,5.81
Đông Nam,12.0,0,1,3,5,30.0,250.0,7,Bình Chánh,2.792,5.81
Đông Nam,22.0,0,1,2,4,19.5,200.0,7,Bình Chánh,2.792,5.81
Tây,10.0,0,1,4,5,33.5,220.0,7,Gò Vấp,34.36,5.81
Đông Bắc,12.0,0,1,2,3,25.0,320.0,7,Bình Chánh,2.792,5.81
Đông Bắc,16.0,0,1,2,4,14.5,210.0,7,Bình Chánh,2.792,5.81
Đông Bắc,12.0,0,1,2,4,12.0,200.0,7,Bình Chánh,2.792,5.81
Đông Bắc,16.0,0,1,3,5,35.0,350.0,7,Bình Chánh,2.792,5.81
Đông Nam,12.0,0,1,3,5,30.0,250.0,7,Bình Chánh,2.792,5.81
Đông Nam,22.0,0,1,2,4,19.5,200.0,7,Bình Chánh,2.792,5.81
Tây,10.0,0,1,4,5,33.5,220.0,7,Gò Vấp,34.36,5.81
Đông Bắc,12.0,0,1,2,3,25.0,320.0,7,Bình Chánh,2.792,5.81
Đông Bắc,16.0,0,1,2,4,14.5,210.0,7,Bình Chánh,2.792,5.81
Đông Bắc,12.0,0,1,2,4,12.0,200.0,7,Bình Chánh,2.792,5.81
Đông Bắc,16.0,0,1,3,5,35.0,350.0,7,Bình Chánh,2.792,5.81
Đông Nam,12.0,0,1,3,5,30.0,250.0,7,Bình Chánh,2.792,5.81
Đông Nam,22.0,0,1,2,4,19.5,200.0,7,Bình Chánh,2.792,5.81
Tây,10.0,0,1,4,5,33.5,220.0,7,Gò Vấp,34.36,5.81
Đông Bắc,12.0,0,1,2,3,25.0,320.0,7,Bình Chánh,2.792,5.81
Đông Bắc,16.0,0,1,2,4,14.5,210.0,7,Bình Chánh,2.792,5.81
Đông Bắc,12.0,0,1,2,4,12.0,200.0,7,Bình Chánh,2.792,5.81
Đông Bắc,16.0,0,1,3,5,35.0,350.0,7,Bình Chánh,2.792,5.81
Đông Nam,12.0,0,1,3,5,30.0,250.0,7,Bình Chánh,2.792,5.81
Đông Nam,22.0,0,1,2,4,19.5,200.0,7,Bình Chánh,2.792,5.81
Tây,10.0,0,1,4,5,33.5,220.0,7,Gò Vấp,34.36,5.81
Đông Bắc,12.0,0,1,2,3,25.0,320.0,7,Bình Chánh,2.792,5.81
Đông Bắc,16.0,0,1,2,4,14.5,210.0,7,Bình Chánh,2.792,5.81
Đông Bắc,12.0,0,1,2,4,12.0,200.0,7,Bình Chánh,2.792,5.81
Đông Bắc,16.0,0,1,3,5,35.0,350.0,7,Bình Chánh,2.792,5.81
Đông Nam,12.0,0,1,3,5,30.0,250.0,7,Bình Chánh,2.792,5.81
Đông Nam,22.0,0,1,2,4,19.5,200.0,7,Bình Chánh,2.792,5.81
Tây Nam,12.0,0,1,3,5,45.5,144.0,7,Phú Nhuận,33.461,5.81
Đông Bắc,12.0,0,1,2,3,25.0,320.0,7,Bình Chánh,2.792,5.81
Đông Bắc,16.0,0,1,2,4,14.5,210.0,7,Bình Chánh,2.792,5.81
Đông Bắc,12.0,0,1,2,4,12.0,200.0,7,Bình Chánh,2.792,5.81
Đông Bắc,16.0,0,1,3,5,35.0,350.0,7,Bình Chánh,2.792,5.81
Đông Nam,12.0,0,1,3,5,30.0,250.0,7,Bình Chánh,2.792,5.81
Đông Nam,22.0,0,1,2,4,19.5,200.0,7,Bình Chánh,2.792,5.81
Tây,10.0,0,1,4,5,33.5,220.0,7,Gò Vấp,34.36,5.81
Đông Bắc,12.0,0,1,2,3,25.0,320.0,7,Bình Chánh,2.792,5.81
Đông Bắc,16.0,0,1,2,4,14.5,210.0,7,Bình Chánh,2.792,5.81
Đông Bắc,16.0,0,1,3,5,35.0,350.0,7,Bình Chánh,2.792,5.81
Đông Nam,12.0,0,1,3,5,30.0,250.0,7,Bình Chánh,2.792,5.81
Đông Nam,22.0,0,1,2,4,19.5,200.0,7,Bình Chánh,2.792,5.81
Tây,10.0,0,1,4,5,33.5,220.0,7,Gò Vấp,34.36,5.81
Đông Bắc,12.0,0,1,2,3,25.0,320.0,7,Bình Chánh,2.792,5.81
Đông Bắc,16.0,0,1,2,4,14.5,210.0,7,Bình Chánh,2.792,5.81
Đông Bắc,12.0,0,1,2,4,12.0,200.0,7,Bình Chánh,2.792,5.81
Đông Bắc,16.0,0,1,3,5,35.0,350.0,7,Bình Chánh,2.792,5.81
Đông Nam,12.0,0,1,3,5,30.0,250.0,7,Bình Chánh,2.792,5.81
Đông Nam,22.0,0,1,2,4,19.5,200.0,7,Bình Chánh,2.792,5.81
Tây,10.0,0,1,4,5,33.5,220.0,7,Gò Vấp,34.36,5.81
Đông Bắc,12.0,0,1,2,3,25.0,320.0,7,Bình Chánh,2.792,5.81
Đông Bắc,16.0,0,1,2,4,14.5,210.0,7,Bình Chánh,2.792,5.81
Đông Bắc,12.0,0,1,2,4,12.0,200.0,7,Bình Chánh,2.792,5.81
Đông Bắc,16.0,0,1,3,5,35.0,350.0,7,Bình Chánh,2.792,5.81
Đông Nam,12.0,0,1,3,5,30.0,250.0,7,Bình Chánh,2.792,5.81
Đông Nam,22.0,0,1,2,4,19.5,200.0,7,Bình Chánh,2.792,5.81
Tây,10.0,0,1,4,5,33.5,220.0,7,Gò Vấp,34.36,5.81
Đông Bắc,12.0,0,1,2,3,25.0,320.0,7,Bình Chánh,2.792,5.81
Đông Bắc,16.0,0,1,2,4,14.5,210.0,7,Bình Chánh,2.792,5.81
Đông Bắc,12.0,0,1,2,4,12.0,200.0,7,Bình Chánh,2.792,5.81
Đông Bắc,16.0,0,1,3,5,35.0,350.0,7,Bình Chánh,2.792,5.81
Đông Nam,12.0,0,1,3,5,30.0,250.0,7,Bình Chánh,2.792,5.81
Đông Nam,22.0,0,1,2,4,19.5,200.0,7,Bình Chánh,2.792,5.81
Tây,10.0,0,1,4,5,33.5,220.0,7,Gò Vấp,34.36,5.81
Đông Bắc,12.0,0,1,2,3,25.0,320.0,7,Bình Chánh,2.792,5.81
Đông Bắc,16.0,0,1,2,4,14.5,210.0,7,Bình Chánh,2.792,5.81
Đông Bắc,12.0,0,1,2,4,12.0,200.0,7,Bình Chánh,2.792,5.81
Đông Bắc,16.0,0,1,3,5,35.0,350.0,7,Bình Chánh,2.792,5.81
Đông Nam,12.0,0,1,3,5,30.0,250.0,7,Bình Chánh,2.792,5.81
Đông Nam,22.0,0,1,2,4,19.5,200.0,7,Bình Chánh,2.792,5.81
Tây,10.0,0,1,4,5,33.5,220.0,7,Gò Vấp,34.36,5.81
Đông Bắc,12.0,0,1,2,3,25.0,320.0,7,Bình Chánh,2.792,5.81
Đông Bắc,16.0,0,1,2,4,14.5,210.0,7,Bình Chánh,2.792,5.81
Đông Bắc,12.0,0,1,2,4,12.0,200.0,7,Bình Chánh,2.792,5.81
Đông Bắc,16.0,0,1,3,5,35.0,350.0,7,Bình Chánh,2.792,5.81
Đông Nam,12.0,0,1,3,5,30.0,250.0,7,Bình Chánh,2.792,5.81
Đông Nam,22.0,0,1,2,4,19.5,200.0,7,Bình Chánh,2.792,5.81
Tây,10.0,0,1,4,5,33.5,220.0,7,Gò Vấp,34.36,5.81
Đông Bắc,12.0,0,1,2,3,25.0,320.0,7,Bình Chánh,2.792,5.81
Đông Bắc,16.0,0,1,2,4,14.5,210.0,7,Bình Chánh,2.792,5.81
Đông Bắc,12.0,0,1,2,4,12.0,200.0,7,Bình Chánh,2.792,5.81
Đông Bắc,16.0,0,1,3,5,35.0,350.0,7,Bình Chánh,2.792,5.81
Đông Nam,12.0,0,1,3,5,30.0,250.0,7,Bình Chánh,2.792,5.81
Đông Nam,22.0,0,1,2,4,19.5,200.0,7,Bình Chánh,2.792,5.81
Tây,10.0,0,1,4,5,33.5,220.0,7,Gò Vấp,34.36,5.81
Đông Nam,12.0,0,1,3,5,22.0,300.0,7,Quận 12,11.745,5.81
Đông Bắc,10.0,0,1,3,4,29.0,200.0,7,Quận 7,10.088,5.81
Đông,16.0,0,1,2,3,45.0,240.0,7,Quận 7,10.088,5.81
Nam,12.0,0,1,3,4,32.0,200.0,7,Quận 7,10.088,5.81
Nam,20.0,0,1,3,4,14.5,90.0,7,Quận 7,10.088,5.81
Đông Nam,20.0,0,1,3,5,32.0,128.0,7,Quận 7,10.088,5.81
Đông Nam,16.0,0,1,4,5,13.5,72.0,7,Quận 7,10.088,5.81
Bắc,16.0,0,1,2,2,10.0,72.0,7,Quận 7,10.088,5.81
Nam,16.0,0,1,3,5,26.0,232.0,7,Quận 7,10.088,5.81
Tây Bắc,16.0,0,1,3,5,16.0,140.0,7,Quận 7,10.088,5.81
Tây,25.0,0,1,3,5,18.0,88.0,7,Quận 7,10.088,5.81
Nam,16.0,0,1,3,5,35.0,268.0,7,Quận 7,10.088,5.81
Nam,8.0,0,1,3,4,13.7,90.0,7,Quận 7,10.088,5.81
Bắc,12.0,0,1,3,4,15.5,76.0,7,Quận 7,10.088,5.81
Tây Nam,20.0,0,1,3,5,14.8,72.0,7,Quận 7,10.088,5.81
Đông,16.0,0,1,3,5,42.0,420.0,7,Quận 7,10.088,5.81
Đông Bắc,12.0,0,1,3,5,20.0,100.0,7,Quận 7,10.088,5.81
Đông,60.0,0,1,3,5,16.9,110.0,7,Bình Chánh,2.792,5.81
Đông,12.0,0,1,3,4,36.0,234.0,7,Quận 7,10.088,5.81
Đông,12.0,0,1,3,4,41.0,240.0,7,Quận 7,10.088,5.81
Bắc,16.0,0,1,4,5,28.0,184.0,7,Thủ Đức,4.791,5.81
Tây Bắc,12.0,0,1,1,3,19.6,144.0,7,Tân Phú,30.146,5.81
Nam,12.0,0,1,2,8,75.0,390.0,7,Quận 10,41.196,5.81
Tây Nam,10.0,0,1,2,4,28.0,180.0,7,Quận 10,41.196,5.81
Đông,12.0,0,1,3,4,8.8,55.0,7,Gò Vấp,34.36,5.81
Đông,15.0,0,1,3,6,29.0,200.0,7,Bình Tân,15.109,5.81
Đông,8.0,0,1,3,5,29.0,192.0,7,Phú Nhuận,33.461,5.81
Đông Nam,8.0,0,1,3,3,65.0,360.0,7,Phú Nhuận,33.461,5.81
Đông,8.0,0,1,3,5,29.0,192.0,7,Phú Nhuận,33.461,5.81
Đông Nam,8.0,0,1,3,3,65.0,360.0,7,Phú Nhuận,33.461,5.81
Tây,10.0,0,1,4,5,33.5,220.0,7,Gò Vấp,34.36,5.81
Đông,8.0,0,1,3,5,29.0,192.0,7,Phú Nhuận,33.461,5.81
Đông Nam,8.0,0,1,3,3,65.0,360.0,7,Phú Nhuận,33.461,5.81
Đông,8.0,0,1,3,5,29.0,192.0,7,Phú Nhuận,33.461,5.81
Đông Nam,8.0,0,1,3,3,65.0,360.0,7,Phú Nhuận,33.461,5.81
Tây,10.0,0,1,4,5,33.5,220.0,7,Gò Vấp,34.36,5.81
Đông,8.0,0,1,3,5,29.0,192.0,7,Phú Nhuận,33.461,5.81
Đông Nam,8.0,0,1,3,3,65.0,360.0,7,Phú Nhuận,33.461,5.81
Đông,8.0,0,1,3,5,29.0,192.0,7,Phú Nhuận,33.461,5.81
Đông Nam,8.0,0,1,3,3,65.0,360.0,7,Phú Nhuận,33.461,5.81
Tây,10.0,0,1,4,5,33.5,220.0,7,Gò Vấp,34.36,5.81
Đông,8.0,0,1,3,5,29.0,192.0,7,Phú Nhuận,33.461,5.81
Đông Nam,8.0,0,1,3,3,65.0,360.0,7,Phú Nhuận,33.461,5.81
Đông,8.0,0,1,3,5,29.0,192.0,7,Phú Nhuận,33.461,5.81
Đông Nam,8.0,0,1,3,3,65.0,360.0,7,Phú Nhuận,33.461,5.81
Tây,10.0,0,1,4,5,33.5,220.0,7,Gò Vấp,34.36,5.81
Đông Bắc,3.0,0,1,3,5,25.9,200.0,7,Thủ Đức,4.791,5.81
Đông Bắc,3.0,0,1,3,5,25.9,200.0,7,Thủ Đức,4.791,5.81
Đông Bắc,3.0,0,1,3,5,25.9,200.0,7,Thủ Đức,4.791,5.81
Đông Bắc,3.0,0,1,3,5,25.9,200.0,7,Thủ Đức,4.791,5.81
Đông Bắc,3.0,0,1,3,5,25.9,200.0,7,Thủ Đức,4.791,5.81
Đông Bắc,3.0,0,1,3,5,25.9,200.0,7,Thủ Đức,4.791,5.81
Đông Bắc,3.0,0,1,3,5,25.9,200.0,7,Thủ Đức,4.791,5.81
Đông Bắc,3.0,0,1,3,5,25.9,200.0,7,Thủ Đức,4.791,5.81
Đông Bắc,3.0,0,1,3,5,25.9,200.0,7,Thủ Đức,4.791,5.81
Đông Bắc,3.0,0,1,3,5,25.9,200.0,7,Thủ Đức,4.791,5.81
Đông Bắc,3.0,0,1,3,5,25.9,200.0,7,Thủ Đức,4.791,5.81
Đông Bắc,3.0,0,1,3,5,25.9,200.0,7,Thủ Đức,4.791,5.81
Đông Bắc,3.0,0,1,3,5,25.9,200.0,7,Thủ Đức,4.791,5.81
Đông Bắc,3.0,0,1,3,5,25.9,200.0,7,Thủ Đức,4.791,5.81
Đông Bắc,3.0,0,1,3,5,25.9,200.0,7,Thủ Đức,4.791,5.81
Đông Bắc,3.0,0,1,3,5,25.9,200.0,7,Thủ Đức,4.791,5.81
Bắc,16.0,0,1,3,5,31.5,215.0,7,Quận 7,10.088,5.81
Đông Bắc,3.0,0,1,3,5,25.9,200.0,7,Thủ Đức,4.791,5.81
Đông Bắc,3.0,0,1,3,5,25.9,200.0,7,Thủ Đức,4.791,5.81
Đông Bắc,3.0,0,1,3,5,25.9,200.0,7,Thủ Đức,4.791,5.81
Đông Bắc,3.0,0,1,3,5,25.9,200.0,7,Thủ Đức,4.791,5.81
Đông Bắc,3.0,0,1,3,5,25.9,200.0,7,Thủ Đức,4.791,5.81
Đông Bắc,3.0,0,1,3,5,25.9,200.0,7,Thủ Đức,4.791,5.81
Đông Bắc,3.0,0,1,3,5,25.9,200.0,7,Thủ Đức,4.791,5.81
Đông Bắc,3.0,0,1,3,5,25.9,200.0,7,Thủ Đức,4.791,5.81
Đông Bắc,3.0,0,1,3,5,25.9,200.0,7,Thủ Đức,4.791,5.81
Đông Bắc,3.0,0,1,3,5,25.9,200.0,7,Thủ Đức,4.791,5.81
Đông Bắc,3.0,0,1,3,5,25.9,200.0,7,Thủ Đức,4.791,5.81
Đông Bắc,3.0,0,1,3,5,25.9,200.0,7,Thủ Đức,4.791,5.81
Đông Bắc,3.0,0,1,3,5,25.9,200.0,7,Thủ Đức,4.791,5.81
Đông Bắc,3.0,0,1,3,5,25.9,200.0,7,Thủ Đức,4.791,5.81
Đông Bắc,3.0,0,1,3,5,25.9,200.0,7,Thủ Đức,4.791,5.81
Đông Bắc,3.0,0,1,3,5,25.9,200.0,7,Thủ Đức,4.791,5.81
Bắc,16.0,0,1,3,5,31.5,215.0,7,Quận 7,10.088,5.81
Đông,14.0,0,1,4,5,31.0,270.0,7,Thủ Đức,4.791,5.81
Tây Nam,16.0,0,1,4,5,45.0,452.0,7,Thủ Đức,4.791,5.81
Đông Nam,14.0,0,1,4,5,13.5,78.0,7,Quận 11,41.15,5.81
Đông Nam,20.0,0,1,3,5,35.0,215.0,7,Thủ Đức,4.791,5.81
Đông Nam,6.0,0,1,4,3,8.4,50.0,7,Tân Bình,21.196,5.81
Bắc,12.0,0,0,3,5,36.0,200.0,7,Quận 7,10.088,5.81
Đông Bắc,6.0,0,1,1,4,6.5,168.0,7,Hóc Môn,4.966,5.81
Tây Nam,8.0,0,1,4,5,15.5,102.0,7,Thủ Đức,4.791,5.81
Đông Bắc,7.0,0,1,4,4,8.95,90.0,7,Nhà Bè,2.06,5.81
Đông Bắc,6.0,0,1,3,4,4.75,50.0,7,Nhà Bè,2.06,5.81
Đông Bắc,6.0,0,1,2,9,46.0,1.146,7,Thủ Đức,4.791,5.81
Đông Nam,5.0,0,1,5,6,6.7,178.0,7,Hóc Môn,4.966,5.81
Đông,14.0,0,1,4,5,31.0,270.0,7,Thủ Đức,4.791,5.81
Tây Nam,16.0,0,1,4,5,45.0,452.0,7,Thủ Đức,4.791,5.81
Đông Nam,14.0,0,1,4,5,13.5,78.0,7,Quận 11,41.15,5.81
Đông Nam,6.0,0,1,4,3,8.4,50.0,7,Tân Bình,21.196,5.81
Đông Nam,20.0,0,1,3,5,35.0,215.0,7,Thủ Đức,4.791,5.81
Bắc,12.0,0,0,3,5,36.0,200.0,7,Quận 7,10.088,5.81
Bắc,12.0,0,1,3,6,71.0,225.0,7,Quận 7,10.088,5.81
Đông Nam,16.0,0,1,4,5,38.0,229.0,7,Quận 7,10.088,5.81
Đông,20.0,0,1,6,6,24.3,69.0,7,Quận 1,18.523,5.81
Đông,20.0,0,1,5,5,14.5,177.0,7,Phú Nhuận,33.461,5.81
Tây Nam,8.0,0,1,4,5,15.5,102.0,7,Thủ Đức,4.791,5.81
Đông Bắc,3.0,0,1,3,5,25.9,200.0,7,Thủ Đức,4.791,5.81
Tây Nam,16.0,0,1,4,5,45.0,452.0,7,Thủ Đức,4.791,5.81
Bắc,8.0,0,1,3,5,7.99,90.0,7,Quận 12,11.745,5.81
Đông Bắc,3.0,0,1,3,5,25.9,200.0,7,Thủ Đức,4.791,5.81
Tây Nam,16.0,0,1,4,5,45.0,452.0,7,Thủ Đức,4.791,5.81
Bắc,8.0,0,1,3,5,7.99,90.0,7,Quận 12,11.745,5.81
Đông Nam,6.0,0,1,2,6,8.5,144.0,7,Quận 12,11.745,5.81
Đông Bắc,3.0,0,1,3,5,25.9,200.0,7,Thủ Đức,4.791,5.81
Tây Nam,16.0,0,1,4,5,45.0,452.0,7,Thủ Đức,4.791,5.81
Bắc,8.0,0,1,3,5,7.99,90.0,7,Quận 12,11.745,5.81
Đông Bắc,3.0,0,1,3,5,25.9,200.0,7,Thủ Đức,4.791,5.81
Tây Nam,16.0,0,1,4,5,45.0,452.0,7,Thủ Đức,4.791,5.81
Bắc,8.0,0,1,3,5,7.99,90.0,7,Quận 12,11.745,5.81
Đông Nam,6.0,0,1,2,6,8.5,144.0,7,Quận 12,11.745,5.81
Đông Bắc,3.0,0,1,3,5,25.9,200.0,7,Thủ Đức,4.791,5.81
Tây Nam,16.0,0,1,4,5,45.0,452.0,7,Thủ Đức,4.791,5.81
Bắc,8.0,0,1,3,5,7.99,90.0,7,Quận 12,11.745,5.81
Đông Bắc,3.0,0,1,3,5,25.9,200.0,7,Thủ Đức,4.791,5.81
Tây Nam,16.0,0,1,4,5,45.0,452.0,7,Thủ Đức,4.791,5.81
Bắc,8.0,0,1,3,5,7.99,90.0,7,Quận 12,11.745,5.81
Đông Nam,6.0,0,1,2,6,8.5,144.0,7,Quận 12,11.745,5.81
Đông Bắc,3.0,0,1,3,5,25.9,200.0,7,Thủ Đức,4.791,5.81
Tây Nam,16.0,0,1,4,5,45.0,452.0,7,Thủ Đức,4.791,5.81
Bắc,8.0,0,1,3,5,7.99,90.0,7,Quận 12,11.745,5.81
Đông Bắc,3.0,0,1,3,5,25.9,200.0,7,Thủ Đức,4.791,5.81
Tây Nam,16.0,0,1,4,5,45.0,452.0,7,Thủ Đức,4.791,5.81
Bắc,8.0,0,1,3,5,7.99,90.0,7,Quận 12,11.745,5.81
Đông Nam,6.0,0,1,2,6,8.5,144.0,7,Quận 12,11.745,5.81
Đông Bắc,3.0,0,1,3,5,25.9,200.0,7,Thủ Đức,4.791,5.81
Tây Nam,16.0,0,1,4,5,45.0,452.0,7,Thủ Đức,4.791,5.81
Bắc,8.0,0,1,3,5,7.99,90.0,7,Quận 12,11.745,5.81
Đông Bắc,3.0,0,1,3,5,25.9,200.0,7,Thủ Đức,4.791,5.81
Tây Nam,16.0,0,1,4,5,45.0,452.0,7,Thủ Đức,4.791,5.81
Bắc,8.0,0,1,3,5,7.99,90.0,7,Quận 12,11.745,5.81
Đông Nam,6.0,0,1,2,6,8.5,144.0,7,Quận 12,11.745,5.81
Đông Bắc,3.0,0,1,3,5,25.9,200.0,7,Thủ Đức,4.791,5.81
Tây Nam,16.0,0,1,4,5,45.0,452.0,7,Thủ Đức,4.791,5.81
Bắc,8.0,0,1,3,5,7.99,90.0,7,Quận 12,11.745,5.81
Đông Bắc,3.0,0,1,3,5,25.9,200.0,7,Thủ Đức,4.791,5.81
Tây Nam,16.0,0,1,4,5,45.0,452.0,7,Thủ Đức,4.791,5.81
Bắc,8.0,0,1,3,5,7.99,90.0,7,Quận 12,11.745,5.81
Đông Nam,6.0,0,1,2,6,8.5,144.0,7,Quận 12,11.745,5.81
Đông Bắc,3.0,0,1,3,5,25.9,200.0,7,Thủ Đức,4.791,5.81
Tây Nam,16.0,0,1,4,5,45.0,452.0,7,Thủ Đức,4.791,5.81
Bắc,8.0,0,1,3,5,7.99,90.0,7,Quận 12,11.745,5.81
Đông Bắc,3.0,0,1,3,5,25.9,200.0,7,Thủ Đức,4.791,5.81
Tây Nam,16.0,0,1,4,5,45.0,452.0,7,Thủ Đức,4.791,5.81
Bắc,8.0,0,1,3,5,7.99,90.0,7,Quận 12,11.745,5.81
Đông Nam,6.0,0,1,2,6,8.5,144.0,7,Quận 12,11.745,5.81
Đông Bắc,3.0,0,1,3,5,25.9,200.0,7,Thủ Đức,4.791,5.81
Tây Nam,16.0,0,1,4,5,45.0,452.0,7,Thủ Đức,4.791,5.81
Bắc,8.0,0,1,3,5,7.99,90.0,7,Quận 12,11.745,5.81
Đông Bắc,3.0,0,1,3,5,25.9,200.0,7,Thủ Đức,4.791,5.81
Tây Nam,16.0,0,1,4,5,45.0,452.0,7,Thủ Đức,4.791,5.81
Bắc,8.0,0,1,3,5,7.99,90.0,7,Quận 12,11.745,5.81
Đông Nam,6.0,0,1,2,6,8.5,144.0,7,Quận 12,11.745,5.81
Đông Nam,12.0,0,1,2,2,9.5,90.0,7,Thủ Đức,4.791,5.81
Đông Nam,5.0,0,1,4,4,12.99,120.0,7,Bình Thạnh,23.998,5.81
Đông Bắc,3.0,0,1,3,5,25.9,200.0,7,Thủ Đức,4.791,5.81
Tây Nam,16.0,0,1,4,5,45.0,452.0,7,Thủ Đức,4.791,5.81
Bắc,8.0,0,1,3,5,7.99,90.0,7,Quận 12,11.745,5.81
Đông Bắc,3.0,0,1,3,5,25.9,200.0,7,Thủ Đức,4.791,5.81
Tây Nam,16.0,0,1,4,5,45.0,452.0,7,Thủ Đức,4.791,5.81
Bắc,8.0,0,1,3,5,7.99,90.0,7,Quận 12,11.745,5.81
Đông Nam,6.0,0,1,2,6,8.5,144.0,7,Quận 12,11.745,5.81
Đông Bắc,3.0,0,1,3,5,25.9,200.0,7,Thủ Đức,4.791,5.81
Tây Nam,16.0,0,1,4,5,45.0,452.0,7,Thủ Đức,4.791,5.81
Bắc,8.0,0,1,3,5,7.99,90.0,7,Quận 12,11.745,5.81
Đông Bắc,3.0,0,1,3,5,25.9,200.0,7,Thủ Đức,4.791,5.81
Bắc,8.0,0,1,3,5,7.99,90.0,7,Quận 12,11.745,5.81
Đông Nam,6.0,0,1,2,6,8.5,144.0,7,Quận 12,11.745,5.81
Đông Bắc,3.0,0,1,3,5,25.9,200.0,7,Thủ Đức,4.791,5.81
Tây Nam,16.0,0,1,4,5,45.0,452.0,7,Thủ Đức,4.791,5.81
Bắc,8.0,0,1,3,5,7.99,90.0,7,Quận 12,11.745,5.81
Đông Bắc,3.0,0,1,3,5,25.9,200.0,7,Thủ Đức,4.791,5.81
Tây Nam,16.0,0,1,4,5,45.0,452.0,7,Thủ Đức,4.791,5.81
Bắc,8.0,0,1,3,5,7.99,90.0,7,Quận 12,11.745,5.81
Đông Nam,6.0,0,1,2,6,8.5,144.0,7,Quận 12,11.745,5.81
Đông Bắc,3.0,0,1,3,5,25.9,200.0,7,Thủ Đức,4.791,5.81
Tây Nam,16.0,0,1,4,5,45.0,452.0,7,Thủ Đức,4.791,5.81
Bắc,8.0,0,1,3,5,7.99,90.0,7,Quận 12,11.745,5.81
Đông Bắc,3.0,0,1,3,5,25.9,200.0,7,Thủ Đức,4.791,5.81
Tây Nam,16.0,0,1,4,5,45.0,452.0,7,Thủ Đức,4.791,5.81
Bắc,8.0,0,1,3,5,7.99,90.0,7,Quận 12,11.745,5.81
Đông Nam,6.0,0,1,2,6,8.5,144.0,7,Quận 12,11.745,5.81
Đông Bắc,3.0,0,1,3,5,25.9,200.0,7,Thủ Đức,4.791,5.81
Tây Nam,16.0,0,1,4,5,45.0,452.0,7,Thủ Đức,4.791,5.81
Bắc,8.0,0,1,3,5,7.99,90.0,7,Quận 12,11.745,5.81
Đông Bắc,3.0,0,1,3,5,25.9,200.0,7,Thủ Đức,4.791,5.81
Tây Nam,16.0,0,1,4,5,45.0,452.0,7,Thủ Đức,4.791,5.81
Bắc,8.0,0,1,3,5,7.99,90.0,7,Quận 12,11.745,5.81
Đông Nam,6.0,0,1,2,6,8.5,144.0,7,Quận 12,11.745,5.81
Đông Bắc,3.0,0,1,3,5,25.9,200.0,7,Thủ Đức,4.791,5.81
Tây Nam,16.0,0,1,4,5,45.0,452.0,7,Thủ Đức,4.791,5.81
Bắc,8.0,0,1,3,5,7.99,90.0,7,Quận 12,11.745,5.81
Đông Bắc,3.0,0,1,3,5,25.9,200.0,7,Thủ Đức,4.791,5.81
Tây Nam,16.0,0,1,4,5,45.0,452.0,7,Thủ Đức,4.791,5.81
Bắc,8.0,0,1,3,5,7.99,90.0,7,Quận 12,11.745,5.81
Đông Nam,6.0,0,1,2,6,8.5,144.0,7,Quận 12,11.745,5.81
Đông Bắc,3.0,0,1,3,5,25.9,200.0,7,Thủ Đức,4.791,5.81
Tây Nam,16.0,0,1,4,5,45.0,452.0,7,Thủ Đức,4.791,5.81
Bắc,8.0,0,1,3,5,7.99,90.0,7,Quận 12,11.745,5.81
Đông Bắc,3.0,0,1,3,5,25.9,200.0,7,Thủ Đức,4.791,5.81
Tây Nam,16.0,0,1,4,5,45.0,452.0,7,Thủ Đức,4.791,5.81
Bắc,8.0,0,1,3,5,7.99,90.0,7,Quận 12,11.745,5.81
Đông Nam,6.0,0,1,2,6,8.5,144.0,7,Quận 12,11.745,5.81
Đông Bắc,3.0,0,1,3,5,25.9,200.0,7,Thủ Đức,4.791,5.81
Tây Nam,16.0,0,1,4,5,45.0,452.0,7,Thủ Đức,4.791,5.81
Bắc,8.0,0,1,3,5,7.99,90.0,7,Quận 12,11.745,5.81
Đông Bắc,3.0,0,1,3,5,25.9,200.0,7,Thủ Đức,4.791,5.81
Tây Nam,16.0,0,1,4,5,45.0,452.0,7,Thủ Đức,4.791,5.81
Bắc,8.0,0,1,3,5,7.99,90.0,7,Quận 12,11.745,5.81
Đông Nam,6.0,0,1,2,6,8.5,144.0,7,Quận 12,11.745,5.81
Đông Nam,12.0,0,1,2,2,9.5,90.0,7,Thủ Đức,4.791,5.81
Đông Nam,5.0,0,1,4,4,12.99,120.0,7,Bình Thạnh,23.998,5.81
Đông Nam,20.0,0,1,4,4,477.0,437.0,7,Quận 1,18.523,5.81
Đông Bắc,6.0,0,1,3,4,4.75,50.0,7,Nhà Bè,2.06,5.81
Nam,20.0,0,1,2,3,29.0,126.0,7,Quận 7,10.088,5.81
Đông Bắc,7.0,0,1,4,4,8.95,90.0,7,Nhà Bè,2.06,5.81
Nam,20.0,0,1,2,4,83.0,195.0,7,Quận 7,10.088,5.81
Đông,14.0,0,1,4,9,28.0,190.0,7,Bình Tân,15.109,5.81
Đông Bắc,7.0,0,1,6,13,48.0,116.0,7,Quận 3,38.852,5.81
Tây,12.0,0,1,3,5,30.0,200.0,7,Bình Tân,15.109,5.81
Tây,14.0,0,1,2,3,37.5,400.0,7,Bình Tân,15.109,5.81
Đông Nam,20.0,0,1,3,6,57.0,144.0,7,Quận 7,10.088,5.81
Đông,10.0,0,1,3,6,23.0,185.0,7,Bình Tân,15.109,5.81
Bắc,5.0,0,1,3,6,19.999,189.0,7,Quận 8,22.118,5.81
Nam,40.0,0,1,2,4,70.0,181.0,7,Quận 7,10.088,5.81
Đông Nam,8.0,0,1,3,9,12.3,210.0,7,Bình Chánh,2.792,5.81
Đông Nam,40.0,0,1,2,4,139.0,352.0,7,Quận 7,10.088,5.81
Đông Bắc,6.0,0,1,2,9,46.0,1.146,7,Thủ Đức,4.791,5.81
Nam,40.0,0,1,2,4,40.0,126.0,7,Quận 7,10.088,5.81
Bắc,12.0,0,1,3,4,15.5,102.0,7,Bình Chánh,2.792,5.81
Tây,14.0,0,0,4,5,38.0,270.0,7,Bình Tân,15.109,5.81
Bắc,12.0,0,1,3,5,16.0,102.0,7,Quận 8,22.118,5.81
Đông Nam,20.0,0,1,2,4,25.0,126.0,7,Quận 7,10.088,5.81
